date,hospitalizations,hospitalizations_lag_3,average_stay_lag_3,deaths_lag_3,mortality_rate_lag_3,hospitalizations_lag_3_12m_window,average_stay_lag_3_12m_window,deaths_lag_3_12m_window,mortality_rate_lag_3_12m_window,heat_index,heat_index_sum,heat_index_std,heat_index99,heat_index95,temperature_mean,temperature_max,temperature_min,wind_speed_mean,humidity_mean,lag_heat_index_1,lag_heat_index_2,lag_heat_index_3
2000-12-01,4266.0,4365.0,6.4,293.0,6.71,4277.5,5.9,245.33333333333331,5.728333333333333,24.15426075268817,17970.77,4.999718995254918,37.89660000000002,33.538,23.575,35.4,13.4,1.8266129032258065,70.83602150537635,21.132402777777777,19.318991935483872,15.300694444444444
2001-01-01,4032.0,4388.0,6.3,275.0,6.27,4257.25,5.925,246.25,5.775833333333334,26.31615591397849,19579.22,4.452697823607993,37.8471,34.6685,25.1369623655914,35.4,17.0,1.777016129032258,75.375,24.15426075268817,21.132402777777777,19.318991935483872
2001-02-01,3888.0,4329.0,6.1,258.0,5.96,4256.583333333333,5.933333333333333,248.08333333333331,5.819166666666667,27.119464285714283,18224.28,4.274062661576951,37.7548,35.39399999999999,25.69107142857143,34.2,20.2,1.9165178571428572,76.42410714285714,26.31615591397849,24.15426075268817,21.132402777777777
2001-03-01,3658.0,4266.0,6.1,242.0,5.67,4265.166666666667,5.966666666666668,250.83333333333331,5.873333333333334,26.113387096774197,19428.36,4.220195862172236,36.76700000000001,34.4155,24.98534946236559,34.4,16.3,1.6297043010752688,76.38306451612904,27.119464285714283,26.31615591397849,24.15426075268817
2001-04-01,4022.0,4032.0,5.9,218.0,5.41,4263.833333333333,5.974999999999999,250.66666666666663,5.871666666666666,21.383902777777777,15396.41,3.4270335187733694,31.002999999999982,28.021499999999996,21.03833333333333,30.8,11.9,1.455138888888889,81.15277777777777,26.113387096774197,27.119464285714283,26.31615591397849
2001-05-01,4332.0,3888.0,5.8,217.0,5.58,4242.5,5.991666666666667,250.5,5.896666666666666,16.999529569892474,12647.65,3.4992148966302032,24.53960000000001,23.28,17.07298387096774,27.3,10.8,1.6990591397849462,82.58333333333333,21.383902777777777,26.113387096774197,27.119464285714283
2001-06-01,4201.0,3658.0,5.8,176.0,4.81,4217.916666666667,5.991666666666667,247.75,5.8566666666666665,16.162041666666667,11636.67,5.767223933894522,27.5181,24.3325,16.35152777777778,28.9,3.1,1.6622222222222225,80.36111111111111,16.999529569892474,21.383902777777777,26.113387096774197
2001-07-01,4356.0,4022.0,5.8,256.0,6.36,4184.75,5.983333333333333,251.16666666666663,5.9816666666666665,14.580241935483873,10847.7,5.133076304765068,25.7657,23.07,14.949327956989247,30.2,2.7,1.6009408602150537,79.40322580645162,16.162041666666667,16.999529569892474,21.383902777777777
2001-08-01,4632.0,4332.0,6.2,270.0,6.23,4183.0,6.008333333333334,254.0,6.049166666666667,18.598024193548387,13836.93,4.592116393174099,29.394200000000005,27.79,18.75524193548387,30.7,9.2,1.3926075268817204,74.24731182795699,14.580241935483873,16.162041666666667,16.999529569892474
2001-09-01,3935.0,4201.0,5.8,270.0,6.43,4168.916666666667,6.0,255.25,6.098333333333333,17.503722222222223,12602.68,4.246769208788994,27.7586,25.061,17.704722222222223,28.4,7.3,2.314583333333333,75.1,18.598024193548387,14.580241935483873,16.162041666666667
2001-10-01,3999.0,4356.0,5.8,295.0,6.77,4177.25,5.983333333333333,257.0833333333333,6.128333333333334,21.27641129032258,15829.65,4.040490875083806,33.6499,29.304,21.18212365591398,35.3,12.3,2.150537634408602,71.96370967741936,17.503722222222223,18.598024193548387,14.580241935483873
2001-11-01,4113.0,4632.0,6.1,319.0,6.89,4205.75,6.008333333333333,257.4166666666667,6.090833333333333,21.677472222222224,15607.78,4.270783559328669,33.25429999999999,30.335499999999996,21.52486111111111,34.6,13.0,2.1305555555555555,72.0513888888889,21.27641129032258,17.503722222222223,18.598024193548387
2001-12-01,4147.0,3935.0,6.3,237.0,6.02,4169.916666666667,6.0,252.75,6.033333333333334,23.001532258064515,17113.14,4.221008990197025,33.92790000000002,31.015000000000004,22.669758064516127,35.3,14.6,2.107258064516129,72.1491935483871,21.677472222222224,21.27641129032258,17.503722222222223
2002-01-01,4251.0,3999.0,6.0,306.0,7.65,4137.5,5.9750000000000005,255.33333333333331,6.1483333333333325,25.361948924731184,18869.29,3.876310957692332,34.2971,31.9185,24.791263440860217,35.2,16.4,1.910752688172043,68.40053763440861,23.001532258064515,21.677472222222224,21.27641129032258
2002-02-01,4055.0,4113.0,6.1,242.0,5.88,4119.5,5.9750000000000005,254.0,6.141666666666667,24.085982142857144,16185.78,4.075409655798029,34.738699999999994,31.5145,23.69613095238095,35.2,15.5,1.762202380952381,69.00595238095238,25.361948924731184,23.001532258064515,21.677472222222224
2002-03-01,3749.0,4147.0,6.0,246.0,5.93,4109.583333333333,5.966666666666666,254.33333333333331,6.163333333333333,27.04028225806452,20117.97,4.892368551259579,39.5328,36.795,25.730376344086025,37.3,18.5,1.7008064516129031,73.66397849462365,24.085982142857144,25.361948924731184,23.001532258064515
2002-04-01,4087.0,4251.0,5.8,246.0,5.79,4127.833333333333,5.958333333333333,256.6666666666667,6.195,21.043819444444445,15151.55,4.16644079812001,31.624399999999987,28.9205,20.8175,31.2,10.7,1.7873611111111112,76.67222222222222,27.04028225806452,24.085982142857144,25.361948924731184
2002-05-01,4125.0,4055.0,5.9,242.0,5.97,4141.75,5.966666666666666,258.75,6.2275,19.3267876344086,14379.13,3.745147676712528,30.42,27.724,19.27983870967742,32.4,11.2,1.2614247311827955,78.21370967741936,21.043819444444445,27.04028225806452,24.085982142857144
2002-06-01,4193.0,3749.0,5.7,236.0,6.3,4149.333333333333,5.958333333333333,263.75,6.351666666666667,14.418930555555557,10381.63,5.551697966843967,28.6462,24.814999999999998,14.838194444444444,30.1,3.6,1.2466666666666666,77.62361111111112,19.3267876344086,21.043819444444445,27.04028225806452
2002-07-01,4558.0,4087.0,5.7,250.0,6.12,4154.75,5.95,263.25,6.331666666666667,13.722755376344086,10209.73,4.525047898213731,24.1971,21.744,14.18252688172043,28.3,4.8,1.4690860215053765,79.1008064516129,14.418930555555557,19.3267876344086,21.043819444444445
2002-08-01,4768.0,4125.0,6.0,248.0,6.01,4137.5,5.933333333333333,261.4166666666667,6.313333333333333,16.39685483870968,12199.26,5.481822186304891,30.92240000000001,27.278,16.651075268817205,32.7,6.5,1.4633064516129033,77.56586021505376,13.722755376344086,14.418930555555557,19.3267876344086
2002-09-01,4291.0,4193.0,6.0,306.0,7.3,4136.833333333333,5.95,264.4166666666667,6.385833333333334,15.202097222222225,10945.51,4.923597875599125,26.8505,23.021,15.63111111111111,30.9,5.9,1.7241666666666668,74.95972222222223,16.39685483870968,13.722755376344086,14.418930555555557
2002-10-01,4098.0,4558.0,6.0,325.0,7.13,4153.666666666667,5.966666666666666,266.9166666666667,6.415833333333333,20.853870967741937,15515.28,4.273953832404457,32.21,29.197,20.536693548387092,32.0,8.9,1.8258064516129036,79.83064516129032,15.202097222222225,16.39685483870968,13.722755376344086
2002-11-01,4366.0,4768.0,6.2,354.0,7.42,4165.0,5.9750000000000005,269.8333333333333,6.46,22.60581944444445,16276.19,4.62382674161545,33.5472,31.8615,22.35930555555556,35.1,13.5,2.211388888888889,69.59444444444445,20.853870967741937,15.202097222222225,16.39685483870968
2002-12-01,4126.0,4291.0,6.1,315.0,7.34,4194.666666666667,5.958333333333333,276.3333333333333,6.57,23.673252688172045,17612.9,3.4679438616928,35.21100000000002,31.11500000000001,23.27258064516129,34.3,15.8,1.7966397849462366,71.39247311827957,22.60581944444445,20.853870967741937,15.202097222222225
2003-01-01,4246.0,4098.0,6.1,281.0,6.86,4202.916666666667,5.966666666666666,274.25,6.504166666666667,25.56975806451613,19023.9,4.104090917161545,35.5871,32.4155,24.940860215053764,36.2,16.5,1.7873655913978497,68.63306451612904,23.673252688172045,22.60581944444445,20.853870967741937
2003-02-01,3983.0,4366.0,6.2,288.0,6.6,4224.0,5.9750000000000005,278.0833333333333,6.564166666666666,26.79552083333333,18006.59,5.27999074448624,39.839,37.18749999999999,25.561309523809523,37.5,16.3,1.4148809523809522,71.3452380952381,25.56975806451613,23.673252688172045,22.60581944444445
2003-03-01,3848.0,4126.0,6.0,284.0,6.88,4222.25,5.9750000000000005,281.25,6.6433333333333335,24.2495564516129,18041.67,4.577100905231865,36.18310000000004,32.959,23.55631720430108,34.2,15.1,1.5504032258064515,74.66532258064517,26.79552083333333,25.56975806451613,23.673252688172045
2003-04-01,3878.0,4246.0,5.9,284.0,6.69,4221.833333333333,5.983333333333334,284.4166666666667,6.718333333333333,20.35245833333333,14653.77,4.133509312111215,29.89769999999999,26.9805,20.33333333333333,30.8,10.7,1.6029166666666663,72.93194444444444,24.2495564516129,26.79552083333333,25.56975806451613
2003-05-01,4126.0,3983.0,5.7,259.0,6.5,4215.833333333333,5.966666666666666,285.8333333333333,6.762499999999999,17.269610215053763,12848.59,5.026993780547846,28.4,25.421000000000003,17.530645161290323,30.2,8.0,1.747983870967742,73.53225806451613,20.35245833333333,24.2495564516129,26.79552083333333
2003-06-01,4142.0,3848.0,5.7,226.0,5.87,4224.083333333333,5.966666666666666,285.0,6.726666666666667,16.736458333333335,12050.25,3.5382114535925897,27.31,23.596999999999984,16.82986111111111,27.3,9.9,1.4561111111111111,82.09583333333333,17.269610215053763,20.35245833333333,24.2495564516129
2003-07-01,3997.0,3878.0,5.9,258.0,6.65,4206.666666666667,5.983333333333334,285.6666666666667,6.770833333333333,14.26728494623656,10614.86,4.933060240042295,27.049600000000016,22.666500000000003,14.646370967741936,30.3,3.3,1.3561827956989247,79.3010752688172,16.736458333333335,17.269610215053763,20.35245833333333
2003-08-01,4041.0,4126.0,5.8,284.0,6.88,4206.75,5.966666666666668,288.6666666666667,6.843333333333334,13.477849462365592,10027.52,5.034929240995367,27.51690000000001,23.267000000000014,14.13548387096774,29.9,3.7,1.5862903225806453,71.90725806451613,14.26728494623656,16.736458333333335,17.269610215053763
2003-09-01,4242.0,4142.0,6.2,356.0,8.59,4202.5,5.983333333333333,292.8333333333333,6.950833333333333,15.617972222222225,11244.94,5.187907524009042,29.09209999999998,24.36049999999999,16.060555555555556,33.8,6.0,1.8365277777777775,73.33472222222223,13.477849462365592,14.26728494623656,16.736458333333335
2003-10-01,4172.0,3997.0,6.0,301.0,7.53,4155.75,5.983333333333334,290.8333333333333,6.984166666666667,19.98256720430108,14867.03,5.0109918743489406,33.12690000000001,28.7655,20.08239247311828,35.0,8.1,1.9388440860215053,69.6989247311828,15.617972222222225,13.477849462365592,14.26728494623656
2003-11-01,4081.0,4041.0,6.1,332.0,8.22,4095.1666666666665,5.9750000000000005,289.0,7.050833333333333,21.92163888888889,15783.58,4.90921617266118,33.7267,29.8825,21.878888888888888,35.1,9.9,1.9054166666666668,67.18611111111112,19.98256720430108,15.617972222222225,13.477849462365592
2003-12-01,4404.0,4242.0,6.3,340.0,8.02,4091.0833333333335,5.991666666666666,291.0833333333333,7.107500000000001,22.77959677419355,16948.02,3.7313415004586186,31.03,29.421000000000003,22.586693548387096,31.8,12.9,2.0928763440860214,68.70295698924731,21.92163888888889,19.98256720430108,15.617972222222225
2004-01-01,4170.0,4172.0,6.0,342.0,8.2,4097.25,5.983333333333333,296.1666666666667,7.219166666666666,25.150564516129037,18712.02,4.260571392515053,35.3156,33.011,24.509408602150536,34.7,15.2,1.9595430107526883,70.14650537634408,22.77959677419355,21.92163888888889,19.98256720430108
2004-02-01,3660.0,4081.0,6.0,309.0,7.57,4073.5,5.966666666666666,297.9166666666667,7.3,23.91218390804598,16642.88,3.731455418496898,32.848499999999994,30.895,23.539511494252874,32.8,16.3,1.6487068965517242,69.4985632183908,25.150564516129037,22.77959677419355,21.92163888888889
2004-03-01,3985.0,4404.0,6.3,288.0,6.54,4096.666666666667,5.991666666666667,298.25,7.271666666666667,23.282379032258063,17322.09,3.800598856458791,32.68400000000001,30.401000000000007,22.990860215053765,34.3,15.5,2.06760752688172,70.28225806451613,23.91218390804598,25.150564516129037,22.77959677419355
2004-04-01,3554.0,4170.0,6.0,275.0,6.59,4090.3333333333335,6.0,297.5,7.2633333333333345,22.20975,15991.02,5.109005596491274,33.541,31.472999999999995,21.9675,33.9,10.6,1.54625,71.35,23.282379032258063,23.91218390804598,25.150564516129037
2004-05-01,3840.0,3660.0,5.8,251.0,6.86,4063.4166666666665,6.008333333333334,296.8333333333333,7.293333333333334,15.797849462365592,11753.6,3.51938820679402,22.815600000000003,21.747000000000007,16.086827956989247,25.4,6.7,1.5655913978494622,78.38978494623656,22.20975,23.282379032258063,23.91218390804598
2004-06-01,4020.0,3985.0,6.5,250.0,6.27,4074.8333333333335,6.075,298.8333333333333,7.326666666666667,15.599097222222223,11231.35,4.811147075249963,27.7781,24.1625,15.847638888888888,29.0,3.0,1.1123611111111111,79.90833333333333,15.797849462365592,22.20975,23.282379032258063
2004-07-01,4093.0,3554.0,6.0,242.0,6.81,4047.8333333333335,6.083333333333333,297.5,7.34,13.25505376344086,9861.76,5.141464538573852,27.0357,21.575000000000003,13.81491935483871,28.8,3.0,1.4463709677419354,75.71908602150538,15.599097222222223,15.797849462365592,22.20975
2004-08-01,4098.0,3840.0,6.1,263.0,6.85,4024.0,6.108333333333333,295.75,7.337499999999999,14.829543010752689,11033.18,5.009086742387678,28.195200000000018,23.259500000000003,15.29489247311828,30.8,5.4,1.1975806451612905,74.7741935483871,13.25505376344086,15.599097222222223,15.797849462365592
2004-09-01,4040.0,4020.0,6.3,343.0,8.53,4013.8333333333335,6.116666666666666,294.6666666666667,7.3325,18.33683333333333,13202.52,4.9148514367517535,34.0081,28.134999999999994,18.46180555555556,36.4,7.9,1.8004166666666666,76.56666666666666,14.829543010752689,13.25505376344086,15.599097222222223
2004-10-01,3986.0,4093.0,6.4,344.0,8.4,4021.8333333333335,6.15,298.25,7.405,18.358010752688173,13658.36,4.336203296140095,28.731300000000005,25.37,18.64206989247312,31.3,9.7,1.7443548387096774,68.97311827956989,18.33683333333333,14.829543010752689,13.25505376344086
2004-11-01,4087.0,4098.0,6.2,379.0,9.25,4026.5833333333335,6.158333333333334,302.1666666666667,7.490833333333334,20.81931944444445,14989.91,4.269798679109127,32.0686,28.7745,20.745555555555555,33.2,10.6,1.6465277777777778,72.70138888888889,18.358010752688173,18.33683333333333,14.829543010752689
2004-12-01,4044.0,4040.0,6.4,333.0,8.24,4009.75,6.166666666666667,301.5833333333333,7.509166666666666,23.101720430107527,17187.68,4.113484407104994,33.72120000000001,30.915000000000003,22.908198924731185,35.0,15.6,2.1958333333333333,67.26478494623656,20.81931944444445,18.358010752688173,18.33683333333333
2005-01-01,3898.0,3986.0,6.5,298.0,7.48,3994.25,6.208333333333333,297.9166666666667,7.449166666666667,26.134381720430103,19443.98,5.061535645397057,38.53310000000004,34.5135,25.494354838709675,39.0,14.5,1.883736559139785,65.31317204301075,23.101720430107527,20.81931944444445,18.358010752688173
2005-02-01,3692.0,4087.0,6.5,309.0,7.56,3994.75,6.25,297.9166666666667,7.448333333333334,24.89578869047619,16729.97,3.922648057423129,34.28149999999999,31.979,24.380059523809525,34.0,17.5,1.9489583333333331,70.26785714285714,26.134381720430103,23.101720430107527,20.81931944444445
2005-03-01,3543.0,4044.0,6.2,248.0,6.13,3964.75,6.241666666666666,294.5833333333333,7.414166666666667,23.94626344086021,17816.02,4.180973215503284,35.73820000000001,32.388,23.631720430107528,37.3,16.1,1.777284946236559,70.54569892473118,24.89578869047619,26.134381720430103,23.101720430107527
2005-04-01,3959.0,3898.0,6.0,249.0,6.39,3942.0833333333335,6.241666666666667,292.4166666666667,7.3975,20.407625,14693.49,4.927446087942788,37.75459999999997,28.171499999999973,20.131944444444443,35.2,10.8,1.2573611111111112,79.35833333333333,23.94626344086021,24.89578869047619,26.134381720430103
2005-05-01,3842.0,3692.0,5.8,239.0,6.47,3944.75,6.241666666666666,291.4166666666667,7.364999999999999,18.63454301075269,13864.1,3.723048369053115,28.63310000000004,24.5685,18.568951612903223,30.8,8.8,0.9615591397849462,81.83333333333333,20.407625,23.94626344086021,24.89578869047619
2005-06-01,3997.0,3543.0,6.2,242.0,6.83,3907.9166666666665,6.216666666666666,290.75,7.411666666666666,18.22825,13124.34,4.781277928550248,29.0348,27.212,18.19888888888889,28.9,6.6,0.9829166666666668,81.05,18.63454301075269,20.407625,23.94626344086021
2005-07-01,4085.0,3959.0,5.9,263.0,6.64,3941.6666666666665,6.208333333333333,292.5,7.3975,14.505067204301076,10791.77,5.946672797247485,29.566900000000008,25.6195,14.98521505376344,31.7,2.3,1.3079301075268817,74.63172043010752,18.22825,18.63454301075269,20.407625
2005-08-01,4261.0,3842.0,6.0,280.0,7.29,3941.8333333333335,6.2,293.9166666666667,7.434166666666667,16.442567204301074,12233.27,5.099174529643815,28.9657,27.265000000000004,16.773521505376344,30.6,6.6,1.6,75.24596774193549,14.505067204301076,18.22825,18.63454301075269
2005-09-01,3548.0,3997.0,6.3,260.0,6.5,3939.9166666666665,6.2,287.0,7.265000000000001,15.030625,10822.05,4.340808686626757,26.55989999999996,22.7215,15.433194444444444,27.1,5.3,1.9423611111111112,76.30694444444444,16.442567204301074,14.505067204301076,18.22825
2005-10-01,3523.0,4085.0,6.2,309.0,7.56,3939.25,6.183333333333334,284.0833333333333,7.194999999999999,18.881344086021503,14047.72,4.13171628782284,31.038400000000006,27.925000000000008,18.89663978494624,32.3,9.4,1.828763440860215,76.3252688172043,15.030625,16.442567204301074,14.505067204301076
2005-11-01,3367.0,4261.0,6.4,382.0,8.97,3952.8333333333335,6.199999999999999,284.3333333333333,7.171666666666667,21.988569444444444,15831.77,5.445525249098052,34.7267,31.54999999999999,22.03736111111111,36.6,8.7,1.875555555555556,65.12083333333334,18.881344086021503,15.030625,16.442567204301074
2005-12-01,3661.0,3548.0,6.4,314.0,8.85,3911.8333333333335,6.2,282.75,7.2225,22.886706989247312,17027.71,4.234056315529299,33.53980000000001,30.37,22.81088709677419,34.9,12.4,1.9954301075268817,64.65591397849462,21.988569444444444,18.881344086021503,15.030625
2006-01-01,3537.0,3523.0,6.5,305.0,8.66,3873.25,6.2,283.3333333333333,7.320833333333333,26.38549731182796,19630.81,5.13452757055658,40.851400000000005,37.195,25.32715053763441,38.1,17.8,1.585483870967742,72.34005376344086,22.886706989247312,21.988569444444444,18.881344086021503
2006-02-01,3353.0,3367.0,6.2,241.0,7.16,3813.25,6.175000000000001,277.6666666666667,7.287499999999999,24.96648809523809,16777.48,3.9770061367916703,35.68689999999997,32.008,24.273065476190474,34.5,17.1,1.733482142857143,71.94494047619048,26.38549731182796,22.886706989247312,21.988569444444444
2006-03-01,3589.0,3661.0,6.0,299.0,8.17,3781.3333333333335,6.158333333333334,281.9166666666667,7.4575,24.218467741935484,18018.54,4.407949666235044,35.82130000000001,32.53000000000001,23.6497311827957,36.3,14.0,1.551478494623656,71.99193548387096,24.96648809523809,26.38549731182796,22.886706989247312
2006-04-01,3594.0,3537.0,5.7,276.0,7.8,3751.25,6.133333333333334,284.1666666666667,7.574999999999999,20.276777777777777,14599.28,4.011024918435016,29.851,27.361,20.21263888888889,30.3,11.3,1.1577777777777778,73.70416666666667,24.218467741935484,24.96648809523809,26.38549731182796
2006-05-01,3969.0,3353.0,6.0,241.0,7.19,3723.0,6.150000000000001,284.3333333333333,7.635000000000001,15.29396505376344,11378.71,3.605763444489895,23.8085,21.99,15.61021505376344,24.9,5.8,1.3388440860215054,79.15994623655914,20.276777777777777,24.218467741935484,24.96648809523809
2006-06-01,3917.0,3589.0,5.6,254.0,7.08,3726.8333333333335,6.1000000000000005,285.3333333333333,7.655833333333334,15.474,11141.28,4.5790502079226,28.3581,24.646999999999984,15.7525,30.6,6.5,1.245,79.21111111111111,15.29396505376344,20.276777777777777,24.218467741935484
2006-07-01,3883.0,3594.0,5.8,257.0,7.15,3696.4166666666665,6.091666666666666,284.8333333333333,7.698333333333333,16.951424731182797,12611.86,4.714492630906396,29.527000000000005,25.233500000000006,17.1372311827957,31.2,4.0,1.3135752688172042,77.99193548387096,15.474,15.29396505376344,20.276777777777777
2006-08-01,3878.0,3969.0,5.9,279.0,7.03,3707.0,6.083333333333333,284.75,7.676666666666667,14.372029569892474,10692.79,5.852354121973177,28.64,24.019500000000004,14.86989247311828,32.2,2.8,1.385215053763441,74.53225806451613,16.951424731182797,15.474,15.29396505376344
2006-09-01,3991.0,3917.0,6.2,324.0,8.27,3700.3333333333335,6.075,290.0833333333333,7.824166666666668,15.512375,11168.91,4.938912877902147,28.329199999999982,23.671,15.92513888888889,32.0,3.9,1.7291666666666667,73.68055555555556,14.372029569892474,16.951424731182797,15.474
2006-10-01,3626.0,3883.0,6.2,307.0,7.91,3683.5,6.074999999999999,289.9166666666667,7.853333333333334,20.33861559139785,15131.93,4.528141953147991,31.64850000000001,29.0555,20.344489247311827,34.4,11.7,1.89233870967742,71.55645161290323,15.512375,14.372029569892474,16.951424731182797
2006-11-01,3978.0,3878.0,6.3,325.0,8.38,3651.5833333333335,6.066666666666667,285.1666666666667,7.804166666666667,20.75701388888889,14945.05,4.235207338007497,33.71719999999999,28.672,20.75958333333333,35.9,10.2,2.0843055555555554,71.12638888888888,20.33861559139785,15.512375,14.372029569892474
2006-12-01,3453.0,3991.0,6.4,377.0,9.45,3688.5,6.066666666666666,290.4166666666667,7.854166666666667,25.76130376344086,19166.41,4.894837948305768,37.6257,35.2255,24.96962365591398,37.2,16.7,1.7568548387096774,68.7513440860215,20.75701388888889,20.33861559139785,15.512375
2007-01-01,3465.0,3626.0,6.3,333.0,9.18,3697.0833333333335,6.05,292.75,7.8975,25.87266129032258,19249.26,4.624241486765243,37.15840000000001,34.7625,24.98790322580645,35.7,15.4,1.689516129032258,70.1774193548387,25.76130376344086,20.75701388888889,20.33861559139785
2007-02-01,3363.0,3978.0,6.3,298.0,7.49,3748.0,6.058333333333334,297.5,7.925000000000001,25.52672619047619,17153.96,4.29100619023307,35.9316,33.59549999999999,24.806696428571428,35.4,16.3,1.7497023809523808,70.77678571428571,25.87266129032258,25.76130376344086,20.75701388888889
2007-03-01,3559.0,3453.0,6.4,259.0,7.5,3730.6666666666665,6.091666666666666,294.1666666666667,7.8691666666666675,26.070309139784943,19396.31,4.6105584292439294,38.21,35.44,24.813440860215056,35.0,18.0,1.5939516129032258,78.53629032258064,25.52672619047619,25.87266129032258,25.76130376344086
2007-04-01,3471.0,3465.0,5.7,245.0,7.07,3724.6666666666665,6.091666666666666,291.5833333333333,7.808333333333334,22.371,16107.12,4.61705688698283,32.3267,30.805499999999995,21.99736111111111,32.4,10.0,1.3695833333333334,75.83611111111111,26.070309139784943,25.52672619047619,25.87266129032258
2007-05-01,3619.0,3363.0,5.7,252.0,7.49,3725.5,6.066666666666666,292.5,7.833333333333333,14.71595430107527,10948.67,5.43639382522481,28.51970000000001,23.379500000000004,15.10510752688172,29.4,3.3,1.3788978494623658,77.43951612903226,22.371,26.070309139784943,25.52672619047619
2007-06-01,3925.0,3559.0,6.1,265.0,7.45,3723.0,6.108333333333333,293.4166666666667,7.864166666666666,13.87175,9987.66,4.846953704707442,27.292899999999992,22.27,14.27763888888889,29.4,4.2,1.2773611111111112,80.31388888888888,14.71595430107527,22.371,26.070309139784943
2007-07-01,3904.0,3471.0,5.8,269.0,7.75,3712.75,6.108333333333333,294.4166666666667,7.914166666666667,11.52293010752688,8573.06,4.986365584209443,26.951400000000003,21.3855,12.190725806451612,28.4,1.5,1.5778225806451611,77.23655913978494,13.87175,14.71595430107527,22.371
2007-08-01,4051.0,3619.0,6.0,281.0,7.76,3683.5833333333335,6.116666666666666,294.5833333333333,7.975,13.640618279569894,10148.62,5.186116199266067,28.86630000000003,23.929,14.128897849462366,32.0,4.2,1.9766129032258064,78.48521505376344,11.52293010752688,13.87175,14.71595430107527
2007-09-01,3926.0,3925.0,6.2,405.0,10.32,3684.25,6.116666666666666,301.3333333333333,8.145833333333334,18.97833333333333,13664.4,4.891725578739181,32.34399999999998,29.417999999999992,19.00138888888889,32.8,9.7,1.6609722222222223,76.89027777777778,13.640618279569894,11.52293010752688,13.87175
2007-10-01,4018.0,3904.0,6.4,431.0,11.04,3686.0,6.133333333333334,311.6666666666667,8.406666666666666,20.7427688172043,15432.62,3.7803818332495993,31.35820000000001,28.396000000000004,20.579435483870967,31.8,11.7,1.8560483870967743,76.0013440860215,18.97833333333333,13.640618279569894,11.52293010752688
2007-11-01,3707.0,4051.0,6.3,374.0,9.23,3700.4166666666665,6.133333333333333,315.75,8.477500000000001,20.052375,14437.71,4.778565935966676,31.17359999999997,27.882,20.176944444444445,34.1,10.1,1.7766666666666668,67.40972222222223,20.7427688172043,18.97833333333333,13.640618279569894
2007-12-01,3715.0,3926.0,6.6,370.0,9.42,3695.0,6.15,315.1666666666667,8.475,24.26415322580645,18052.53,4.582812302026126,35.33,32.5685,23.828360215053763,34.8,13.7,1.751209677419355,68.63172043010752,20.052375,20.7427688172043,18.97833333333333
2008-01-01,2668.0,4018.0,6.2,329.0,8.19,3727.6666666666665,6.141666666666667,314.8333333333333,8.3925,24.784825268817205,18439.91,4.20387601980429,35.5814,32.83,24.280779569892477,37.1,15.7,1.9790322580645163,68.31720430107526,24.26415322580645,20.052375,20.7427688172043
2008-02-01,4009.0,3707.0,6.0,277.0,7.47,3705.0833333333335,6.116666666666666,313.0833333333333,8.390833333333333,24.250215517241383,16878.15,3.874663998924892,33.37649999999999,31.3075,23.707183908045977,33.7,14.7,1.7748563218390805,73.18103448275862,24.784825268817205,24.26415322580645,20.052375
2008-03-01,3771.0,3715.0,6.1,304.0,8.18,3726.9166666666665,6.091666666666668,316.8333333333333,8.4475,24.085940860215054,17919.94,3.915914958410677,33.8071,31.48,23.60470430107527,33.6,16.5,1.6509408602150537,71.92204301075269,24.250215517241383,24.784825268817205,24.26415322580645
2008-04-01,3758.0,2668.0,5.4,141.0,5.28,3660.5,6.066666666666666,308.1666666666667,8.298333333333334,19.666125,14159.61,4.453565821225916,30.1881,27.3725,19.701527777777777,33.0,7.5,1.2329166666666669,74.5625,24.085940860215054,24.250215517241383,24.784825268817205
2008-05-01,3501.0,4009.0,6.2,306.0,7.63,3714.3333333333335,6.108333333333333,312.6666666666667,8.31,16.54822580645161,12311.88,5.470999654985487,30.06,27.6245,16.773118279569893,30.8,3.7,1.3774193548387097,76.51209677419355,19.666125,24.085940860215054,24.250215517241383
2008-06-01,3606.0,3771.0,5.9,283.0,7.5,3732.0,6.091666666666668,314.1666666666667,8.314166666666667,12.34361111111111,8887.4,3.980427848473074,19.5443,17.970499999999998,12.841944444444444,21.7,2.4,1.2956944444444445,81.83333333333333,16.54822580645161,19.666125,24.085940860215054
2008-07-01,3925.0,3758.0,6.0,265.0,7.05,3755.9166666666665,6.108333333333334,313.8333333333333,8.255833333333333,15.93252688172043,11853.8,3.761079075683324,26.7828,23.8685,16.168010752688172,27.6,6.9,1.2702956989247312,79.97715053763442,12.34361111111111,16.54822580645161,19.666125
2008-08-01,3772.0,3501.0,5.8,251.0,7.17,3746.0833333333335,6.091666666666668,311.3333333333333,8.206666666666667,14.927258064516128,11105.88,4.443768332606725,25.9685,22.379500000000007,15.3247311827957,28.2,4.3,1.5838709677419356,76.90725806451613,15.93252688172043,12.34361111111111,16.54822580645161
2008-09-01,3715.0,3606.0,6.2,347.0,9.62,3719.5,6.091666666666668,306.5,8.148333333333332,15.300777777777776,11016.56,4.503417611879683,27.208199999999987,23.2315,15.750555555555556,31.1,7.3,1.9638888888888888,73.79166666666667,14.927258064516128,15.93252688172043,12.34361111111111
2008-10-01,3991.0,3925.0,6.2,366.0,9.32,3721.25,6.075,301.0833333333333,8.005,18.962889784946235,14108.39,3.87505319495678,30.29370000000002,25.5355,19.0,32.8,7.6,1.827016129032258,76.13440860215054,15.300777777777776,14.927258064516128,15.93252688172043
2008-11-01,3389.0,3772.0,6.4,356.0,9.44,3698.0,6.083333333333333,299.5833333333333,8.022499999999999,21.82813888888889,15716.26,4.208510766719014,32.08449999999998,30.084999999999997,21.672083333333333,32.5,12.9,2.0531944444444443,71.30416666666666,18.962889784946235,15.300777777777776,14.927258064516128
2008-12-01,3430.0,3715.0,6.2,355.0,9.56,3680.4166666666665,6.050000000000001,298.3333333333333,8.034166666666666,23.143145161290324,17218.5,4.456038448503228,35.3357,31.837,22.844220430107526,35.7,13.2,1.9399193548387097,70.16935483870968,21.82813888888889,18.962889784946235,15.300777777777776
2009-01-01,3227.0,3991.0,6.1,361.0,9.05,3678.1666666666665,6.041666666666667,301.0,8.105833333333333,23.716317204301077,17644.94,4.258341779316783,33.7128,31.584,23.198252688172044,33.1,14.7,1.878225806451613,73.50268817204301,23.143145161290324,21.82813888888889,18.962889784946235
2009-02-01,3371.0,3389.0,6.0,280.0,8.26,3651.6666666666665,6.041666666666667,301.25,8.171666666666667,25.13485119047619,16890.62,4.084841409037586,34.73799999999999,33.0245,24.37842261904762,34.0,16.1,1.6555059523809523,72.45982142857143,23.716317204301077,23.143145161290324,21.82813888888889
2009-03-01,3638.0,3430.0,6.0,278.0,8.1,3627.9166666666665,6.033333333333332,299.0833333333333,8.165000000000001,23.966008064516128,17830.71,3.695916382403992,33.452300000000015,31.0655,23.350806451612904,32.5,14.2,1.612768817204301,75.61155913978494,25.13485119047619,23.716317204301077,23.143145161290324
2009-04-01,3389.0,3227.0,5.8,279.0,8.65,3674.5,6.066666666666667,310.5833333333333,8.445833333333335,20.75398611111111,14942.87,4.245225651752707,31.644899999999986,28.561,20.730277777777776,33.1,11.3,1.3020833333333333,71.42777777777778,23.966008064516128,25.13485119047619,23.716317204301077
2009-05-01,3361.0,3371.0,6.1,242.0,7.18,3621.3333333333335,6.058333333333334,305.25,8.408333333333333,17.50329301075269,13022.45,4.514770559628518,27.797000000000004,25.987,17.660618279569892,29.4,7.4,1.1350806451612905,76.78763440860214,20.75398611111111,23.966008064516128,25.13485119047619
2009-06-01,3542.0,3638.0,6.0,254.0,6.98,3610.25,6.066666666666666,302.8333333333333,8.365,12.698875,9143.19,4.072629730160195,24.0686,19.951,13.245972222222225,26.1,4.0,1.2194444444444446,79.16527777777777,17.50329301075269,20.75398611111111,23.966008064516128
2009-07-01,3538.0,3389.0,5.8,240.0,7.08,3579.5,6.05,300.75,8.3675,11.190927419354836,8326.05,4.616306789152514,22.08960000000001,18.5,11.878629032258065,25.1,0.4,1.303763440860215,76.49596774193549,12.698875,17.50329301075269,20.75398611111111
2009-08-01,3503.0,3361.0,6.0,284.0,8.45,3567.833333333333,6.066666666666666,303.5,8.474166666666667,15.987419354838709,11894.64,5.453739335457226,30.139900000000004,27.407,16.379032258064516,33.1,5.0,1.437768817204301,75.03897849462365,11.190927419354836,12.698875,17.50329301075269
2009-09-01,3907.0,3542.0,6.0,316.0,8.92,3562.5,6.05,300.9166666666667,8.415833333333333,16.57345833333333,11932.89,3.876884366404661,26.905299999999997,23.975499999999997,16.754444444444445,28.2,7.8,1.778611111111111,79.75,15.987419354838709,11.190927419354836,12.698875
2009-10-01,3768.0,3538.0,6.4,342.0,9.67,3530.25,6.066666666666667,298.9166666666667,8.445,18.51970430107527,13778.66,4.841552526620976,33.3071,28.1155,18.65766129032258,34.1,10.2,1.7143817204301075,73.12231182795699,16.57345833333333,15.987419354838709,11.190927419354836
2009-11-01,3409.0,3503.0,6.2,345.0,9.85,3507.833333333333,6.05,298.0,8.479166666666666,23.58125,16978.5,4.043740414988434,36.66389999999999,32.26,22.904444444444444,35.0,16.0,1.6344444444444444,79.4375,18.51970430107527,16.57345833333333,15.987419354838709
2009-12-01,3320.0,3907.0,6.2,321.0,8.22,3523.833333333333,6.05,295.1666666666667,8.3675,24.29170698924731,18073.03,4.823780696170016,36.6871,33.755,23.51088709677419,34.2,13.3,1.748790322580645,74.61962365591398,23.58125,18.51970430107527,16.57345833333333
2010-01-01,3449.0,3768.0,6.3,290.0,7.7,3505.25,6.066666666666667,289.25,8.255,25.885967741935485,19259.16,4.171026240227937,36.87520000000002,34.12,24.804166666666667,34.0,17.8,1.564516129032258,75.03225806451613,24.29170698924731,23.58125,18.51970430107527
2010-02-01,3103.0,3409.0,6.0,313.0,9.18,3506.9166666666665,6.066666666666667,292.0,8.331666666666665,27.98519345238095,18806.05,6.032722095295205,42.78189999999999,39.70549999999999,26.27872023809524,38.2,14.0,1.5169642857142858,71.76190476190476,25.885967741935485,24.29170698924731,23.58125
2010-03-01,3250.0,3320.0,6.2,273.0,8.22,3497.75,6.083333333333333,291.5833333333333,8.341666666666667,24.01065860215054,17863.93,3.298100227516881,32.072400000000016,30.0855,23.4239247311828,32.6,13.9,1.4809139784946237,76.93682795698925,27.98519345238095,25.885967741935485,24.29170698924731
2010-04-01,3162.0,3449.0,6.0,286.0,8.29,3516.25,6.099999999999999,292.1666666666667,8.311666666666666,20.22629166666667,14562.93,4.706169093488786,32.68959999999999,29.345999999999997,20.13361111111111,33.0,9.5,1.1872222222222222,75.59861111111111,24.01065860215054,27.98519345238095,25.885967741935485
2010-05-01,3505.0,3103.0,6.0,245.0,7.9,3493.9166666666665,6.091666666666666,292.4166666666667,8.371666666666668,17.1272311827957,12742.66,2.967967863461769,24.402800000000003,22.437,17.181451612903224,25.3,10.2,1.4801075268817203,83.17876344086021,20.22629166666667,24.01065860215054,27.98519345238095
2010-06-01,3455.0,3250.0,6.0,286.0,8.8,3461.583333333333,6.091666666666666,295.0833333333333,8.523333333333333,14.593930555555554,10507.63,3.9263162931120834,24.861499999999992,20.985499999999995,14.950416666666666,26.9,4.5,1.176111111111111,80.07638888888889,17.1272311827957,20.22629166666667,24.01065860215054
2010-07-01,3565.0,3162.0,6.1,232.0,7.34,3442.6666666666665,6.116666666666667,294.4166666666667,8.545,14.03008064516129,10438.38,5.3515778726465575,27.175700000000003,23.9185,14.475940860215054,29.8,3.5,1.3440860215053765,78.02150537634408,14.593930555555554,17.1272311827957,20.22629166666667
2010-08-01,3814.0,3505.0,6.2,269.0,7.67,3454.6666666666665,6.133333333333333,293.1666666666667,8.479999999999999,13.946841397849465,10376.45,5.283239717021821,28.4614,23.2055,14.446639784946235,32.6,3.0,1.3370967741935482,76.67204301075269,14.03008064516129,14.593930555555554,17.1272311827957
2010-09-01,3726.0,3455.0,6.2,269.0,7.79,3447.4166666666665,6.15,289.25,8.385833333333332,17.040263888888887,12268.99,3.099140050731626,24.63199999999999,22.1605,17.21472222222222,26.6,9.6,1.7965277777777775,78.39027777777778,13.946841397849465,14.03008064516129,14.593930555555554
2010-10-01,3689.0,3565.0,6.5,286.0,8.02,3449.6666666666665,6.158333333333332,284.5833333333333,8.248333333333333,17.79584677419355,13240.11,3.78165762726723,26.40740000000004,24.579000000000004,18.02903225806452,27.5,8.7,1.5283602150537634,72.88844086021506,17.040263888888887,13.946841397849465,14.03008064516129
2010-11-01,3644.0,3814.0,6.4,341.0,8.94,3475.583333333333,6.175,284.25,8.1725,20.626375,14850.99,4.491959195199257,32.0372,28.1025,20.706805555555555,34.9,11.0,1.6904166666666665,68.97083333333333,17.79584677419355,17.040263888888887,13.946841397849465
2010-12-01,3672.0,3726.0,6.4,370.0,9.93,3460.5,6.191666666666667,288.3333333333333,8.315,23.794516129032257,17703.12,4.604983231199852,33.8414,31.557,23.300940860215057,35.0,11.9,1.9096774193548387,71.04569892473118,20.626375,17.79584677419355,17.040263888888887
2011-01-01,3127.0,3689.0,6.5,313.0,8.48,3453.9166666666665,6.208333333333333,290.25,8.38,27.004193548387097,20091.12,4.331689066606287,38.34700000000001,35.908,25.59744623655914,36.0,20.6,1.630779569892473,76.6491935483871,23.794516129032257,20.626375,17.79584677419355
2011-02-01,2908.0,3644.0,6.5,323.0,8.86,3473.5,6.25,291.0833333333333,8.353333333333333,25.688809523809525,17262.88,3.832155939803762,37.9458,32.94749999999999,24.592559523809523,35.6,18.1,1.5686011904761905,78.05505952380952,27.004193548387097,23.794516129032257,20.626375
2011-03-01,3350.0,3672.0,6.1,272.0,7.41,3502.833333333333,6.241666666666667,291.0,8.285833333333334,23.21755376344086,17273.86,3.8796895554804074,33.5555,31.189000000000004,22.77728494623656,32.7,14.2,1.7294354838709678,74.04838709677419,25.688809523809525,27.004193548387097,23.794516129032257
2011-04-01,3121.0,3127.0,6.0,242.0,7.74,3476.0,6.241666666666667,287.3333333333333,8.24,20.441902777777777,14718.17,3.7929480156975046,30.24349999999998,27.332,20.247222222222224,30.0,11.3,1.0033333333333334,78.7875,23.21755376344086,25.688809523809525,27.004193548387097
2011-05-01,3297.0,2908.0,5.8,254.0,8.73,3459.75,6.2250000000000005,288.0833333333333,8.309166666666666,16.302674731182798,12129.19,3.391817240881103,25.18830000000001,22.003500000000003,16.486021505376346,27.3,9.5,1.0643817204301076,80.76478494623656,20.441902777777777,23.21755376344086,25.688809523809525
2011-06-01,3456.0,3350.0,5.9,236.0,7.04,3468.083333333333,6.216666666666668,283.9166666666667,8.1625,13.19323611111111,9499.13,4.338645334407532,22.9591,20.532,13.685555555555556,25.7,4.4,1.1929166666666666,79.70972222222223,16.302674731182798,20.441902777777777,23.21755376344086
2011-07-01,3547.0,3121.0,6.0,227.0,7.27,3464.6666666666665,6.208333333333333,283.5,8.156666666666668,12.543306451612905,9332.22,5.105956733763485,25.60260000000001,20.807,12.952016129032256,28.0,2.0,1.3038978494623656,82.7258064516129,13.19323611111111,16.302674731182798,20.441902777777777
2011-08-01,3482.0,3297.0,6.0,286.0,8.67,3447.333333333333,6.191666666666667,284.9166666666667,8.24,14.006868279569892,10421.11,4.9919946685990055,28.909800000000004,22.133000000000003,14.43736559139785,32.2,2.5,1.8190860215053768,79.2002688172043,12.543306451612905,13.19323611111111,16.302674731182798
2011-09-01,3641.0,3456.0,6.2,313.0,9.06,3447.4166666666665,6.191666666666667,288.5833333333333,8.345833333333333,15.9545,11487.24,4.916956132384,29.944499999999977,24.3405,16.326666666666668,33.4,5.3,1.4927777777777778,74.67777777777778,14.006868279569892,12.543306451612905,13.19323611111111
2011-10-01,3477.0,3547.0,6.3,338.0,9.53,3445.9166666666665,6.175000000000001,292.9166666666667,8.471666666666666,19.42954301075269,14455.58,3.7686298913405274,29.686000000000043,25.839500000000005,19.504301075268817,33.5,10.2,1.635215053763441,73.43010752688173,15.9545,14.006868279569892,12.543306451612905
2011-11-01,3480.0,3482.0,6.4,318.0,9.13,3418.25,6.175,291.0,8.4875,21.53620833333333,15506.07,4.668268099597735,34.0681,30.1925,21.49888888888889,34.3,12.1,1.8483333333333327,67.84166666666667,19.42954301075269,15.9545,14.006868279569892
2011-12-01,3220.0,3641.0,6.1,293.0,8.05,3411.1666666666665,6.15,284.5833333333333,8.330833333333333,22.722110215053764,16905.25,4.301928389617557,33.846800000000016,31.0285,22.528091397849465,35.4,14.9,1.7405913978494625,68.90994623655914,21.53620833333333,19.42954301075269,15.9545
2012-01-01,3072.0,3477.0,6.4,300.0,8.63,3393.5,6.141666666666666,283.5,8.343333333333334,24.99650537634409,18597.4,4.729036521879891,37.10540000000001,33.9495,24.28924731182796,35.5,17.4,1.7530913978494622,71.51478494623656,22.722110215053764,21.53620833333333,19.42954301075269
2012-02-01,3223.0,3480.0,6.2,274.0,7.87,3379.833333333333,6.116666666666666,279.4166666666667,8.260833333333332,27.55373563218391,19177.4,4.984807174980361,39.26199999999998,37.145,26.22298850574713,38.4,18.1,1.389080459770115,71.86494252873563,24.99650537634409,22.722110215053764,21.53620833333333
2012-03-01,3279.0,3220.0,6.0,207.0,6.43,3342.1666666666665,6.108333333333333,274.0,8.179166666666667,23.645994623655916,17592.62,5.374963177310217,36.6157,34.65350000000001,23.15215053763441,36.1,10.2,1.2643817204301075,70.75268817204301,27.55373563218391,24.99650537634409,22.722110215053764
2012-04-01,3173.0,3072.0,5.8,236.0,7.68,3337.583333333333,6.091666666666666,273.5,8.174166666666666,19.62251388888889,14128.21,4.729342041683353,29.6786,27.90099999999999,19.628888888888888,32.9,8.7,1.1925,74.95138888888889,23.645994623655916,27.55373563218391,24.99650537634409
2012-05-01,3368.0,3223.0,5.6,263.0,8.16,3363.833333333333,6.075,274.25,8.126666666666667,18.490752688172044,13757.12,4.576490450464857,28.161200000000008,26.024,18.54220430107527,29.6,7.5,0.9870967741935484,76.81854838709677,19.62251388888889,23.645994623655916,27.55373563218391
2012-06-01,3486.0,3279.0,5.9,250.0,7.62,3357.9166666666665,6.074999999999999,275.4166666666667,8.174999999999999,14.270458333333332,10274.73,5.740108302316488,28.4424,24.65249999999998,14.65111111111111,29.3,1.1,0.9216666666666667,77.75694444444444,18.490752688172044,19.62251388888889,23.645994623655916
2012-07-01,3476.0,3173.0,5.7,239.0,7.53,3362.25,6.05,276.4166666666667,8.196666666666667,12.547889784946236,9335.63,5.246953020430368,28.35550000000001,22.7705,13.161424731182796,30.2,3.1,1.2404569892473118,77.11693548387096,14.270458333333332,18.490752688172044,19.62251388888889
2012-08-01,3656.0,3368.0,6.0,280.0,8.31,3368.1666666666665,6.05,275.9166666666667,8.166666666666666,18.773091397849463,13967.18,5.498519743270903,30.2599,28.507,18.946236559139784,32.7,7.3,1.1780913978494625,72.61559139784946,12.547889784946236,14.270458333333332,18.490752688172044
2012-09-01,3281.0,3486.0,6.4,307.0,8.81,3370.6666666666665,6.066666666666666,275.4166666666667,8.145833333333334,17.61265277777778,12681.11,4.389210572314183,28.46769999999999,25.265999999999995,17.815555555555555,31.4,7.5,1.8086111111111112,74.52638888888889,18.773091397849463,12.547889784946236,14.270458333333332
2012-10-01,3154.0,3476.0,6.2,310.0,8.92,3364.75,6.058333333333334,273.0833333333333,8.095,21.057768817204305,15666.98,4.15111207857344,32.58,29.1455,20.837096774193547,33.0,12.8,1.7114247311827957,75.54569892473118,17.61265277777778,18.773091397849463,12.547889784946236
2012-11-01,3471.0,3656.0,6.5,312.0,8.53,3379.25,6.066666666666667,272.5833333333333,8.045,23.08286111111111,16619.66,4.56796450624732,34.25739999999997,30.967499999999998,22.87722222222222,34.4,13.7,1.7294444444444446,68.2375,21.057768817204305,17.61265277777778,18.773091397849463
2012-12-01,2837.0,3281.0,6.8,278.0,8.47,3349.25,6.125,271.3333333333333,8.08,26.10865591397849,19424.84,5.631095179012055,41.85740000000004,36.4795,25.17163978494624,38.6,16.0,1.6959677419354835,69.52016129032258,23.08286111111111,21.057768817204305,17.61265277777778
2013-01-01,3054.0,3154.0,6.2,283.0,8.97,3322.333333333333,6.108333333333334,269.9166666666667,8.108333333333334,24.299879032258065,18079.11,4.321185422746431,34.40120000000001,31.724,23.84193548387097,35.9,14.5,1.7544354838709677,68.30645161290323,26.10865591397849,23.08286111111111,21.057768817204305
2013-02-01,2905.0,3471.0,6.1,284.0,8.18,3321.583333333333,6.1000000000000005,270.75,8.134166666666667,25.25046130952381,16968.31,4.333875326511337,36.164599999999936,33.37,24.401934523809523,37.4,14.9,1.7205357142857145,72.82440476190476,24.299879032258065,26.10865591397849,23.08286111111111
2013-03-01,3361.0,2837.0,6.2,238.0,8.39,3289.6666666666665,6.116666666666667,273.3333333333333,8.2975,21.71913978494624,16159.04,3.5431567027922357,31.3671,28.6225,21.462365591397848,32.8,14.9,1.4721774193548387,76.15053763440861,25.25046130952381,24.299879032258065,26.10865591397849
2013-04-01,3386.0,3054.0,5.9,254.0,8.32,3288.1666666666665,6.125,274.8333333333333,8.350833333333334,20.48843055555556,14751.67,4.247373978288628,30.769099999999995,27.814,20.39402777777778,31.1,10.2,1.382638888888889,74.05833333333334,21.71913978494624,25.25046130952381,24.299879032258065
2013-05-01,3426.0,2905.0,6.1,242.0,8.33,3261.6666666666665,6.166666666666667,273.0833333333333,8.365,16.35899193548387,12171.09,4.661085650365432,28.935800000000047,23.777,16.571102150537634,30.3,5.7,1.0916666666666668,78.58198924731182,20.48843055555556,21.71913978494624,25.25046130952381
2013-06-01,3189.0,3361.0,5.9,254.0,7.56,3268.5,6.166666666666667,273.4166666666667,8.360000000000001,14.253194444444444,10262.3,3.0352947108329125,22.284499999999976,19.33,14.53625,23.9,7.2,1.0794444444444444,84.55555555555556,16.35899193548387,20.48843055555556,21.71913978494624
2013-07-01,3331.0,3386.0,5.9,267.0,7.89,3286.25,6.183333333333334,275.75,8.39,13.132486559139783,9770.57,5.62990879872123,25.60270000000001,22.6355,13.62768817204301,27.8,1.6,1.0598118279569892,78.78225806451613,14.253194444444444,16.35899193548387,20.48843055555556
2013-08-01,3581.0,3426.0,6.5,309.0,9.02,3291.083333333333,6.2250000000000005,278.1666666666667,8.449166666666667,13.190309139784947,9813.59,5.247773408359812,27.234100000000005,23.8155,13.676747311827956,29.8,5.5,1.482258064516129,79.91532258064517,13.132486559139783,14.253194444444444,16.35899193548387
2013-09-01,3394.0,3189.0,6.3,277.0,8.69,3266.333333333333,6.216666666666666,275.6666666666667,8.439166666666667,17.286208333333335,12446.07,5.4563472052655175,33.60719999999999,28.625,17.475694444444443,34.5,6.4,1.453611111111111,76.97222222222223,13.190309139784947,13.132486559139783,14.253194444444444
2013-10-01,3471.0,3331.0,6.5,336.0,10.09,3254.25,6.241666666666666,277.8333333333333,8.536666666666667,19.03127688172043,14159.27,3.80445769688384,28.27260000000001,25.4655,19.10537634408602,31.9,11.4,1.643279569892473,75.03629032258064,17.286208333333335,13.190309139784947,13.132486559139783
2013-11-01,3375.0,3581.0,6.3,396.0,11.06,3248.0,6.224999999999999,284.8333333333333,8.7475,22.508805555555558,16206.34,4.442751213919918,33.32719999999999,30.9105,22.26569444444444,32.7,12.2,1.781111111111111,69.92916666666666,19.03127688172043,17.286208333333335,13.190309139784947
2013-12-01,3256.0,3394.0,6.5,324.0,9.55,3257.4166666666665,6.199999999999999,288.6666666666667,8.8375,25.533629032258062,18997.02,5.326352348716916,40.05120000000001,36.03400000000002,24.661021505376343,38.6,15.8,1.7709677419354837,70.23655913978494,22.508805555555558,19.03127688172043,17.286208333333335
2014-01-01,3029.0,3471.0,6.4,316.0,9.1,3283.833333333333,6.216666666666666,291.4166666666667,8.848333333333333,27.95376344086021,20797.6,5.770642887082539,41.9414,38.854,26.48924731182796,37.5,17.6,1.4291666666666667,70.06048387096774,25.533629032258062,22.508805555555558,19.03127688172043
2014-02-01,3042.0,3375.0,6.3,284.0,8.41,3275.833333333333,6.233333333333333,291.4166666666667,8.867500000000001,28.06729166666667,18861.22,6.511618696524835,43.5951,40.996,26.279613095238098,40.2,17.7,1.6058035714285712,71.79315476190476,27.95376344086021,25.533629032258062,22.508805555555558
2014-03-01,3129.0,3256.0,6.3,281.0,8.63,3310.75,6.241666666666666,295.0,8.887500000000001,23.580430107526883,17543.84,3.844631933014844,33.33070000000002,30.24,23.014247311827955,32.9,12.0,1.396774193548387,76.53897849462365,28.06729166666667,27.95376344086021,25.533629032258062
2014-04-01,3000.0,3029.0,6.3,266.0,8.78,3308.6666666666665,6.275000000000001,296.0,8.925833333333333,21.301027777777776,15336.74,4.540785598528117,32.2586,29.451,21.028888888888886,31.4,11.1,1.3579166666666669,76.1361111111111,23.580430107526883,28.06729166666667,27.95376344086021
2014-05-01,3342.0,3042.0,6.0,261.0,8.58,3320.083333333333,6.266666666666667,297.5833333333333,8.946666666666667,16.665120967741935,12398.85,3.9524368327281953,25.07,23.14,16.78548387096774,26.3,7.4,0.9967741935483873,82.13306451612904,21.301027777777776,23.580430107526883,28.06729166666667
2014-06-01,3445.0,3129.0,6.3,269.0,8.6,3300.75,6.300000000000001,298.8333333333333,9.033333333333331,15.052708333333335,10837.95,4.247897069312565,24.392099999999974,21.379999999999992,15.23625,29.0,4.8,1.1523611111111112,85.66111111111111,16.665120967741935,21.301027777777776,23.580430107526883
2014-07-01,3543.0,3000.0,6.4,245.0,8.17,3268.583333333333,6.341666666666666,297.0,9.056666666666668,15.185645161290324,11298.12,4.738516541907475,25.87970000000001,23.3025,15.445698924731182,27.9,5.6,1.1530913978494624,81.66397849462365,15.052708333333335,16.665120967741935,21.301027777777776
2014-08-01,3590.0,3342.0,6.3,261.0,7.81,3261.583333333333,6.325,293.0,8.955833333333333,15.55486559139785,11572.82,5.587788476907807,31.27820000000001,25.875000000000004,15.893548387096772,33.9,3.7,1.147043010752688,76.98252688172043,15.185645161290324,15.052708333333335,16.665120967741935
2014-09-01,3495.0,3445.0,6.5,303.0,8.8,3282.9166666666665,6.341666666666668,295.1666666666667,8.965,18.495722222222224,13316.92,4.056743287167133,31.052599999999977,26.678499999999996,18.479444444444447,33.6,10.8,1.4165277777777778,80.05,15.55486559139785,15.185645161290324,15.052708333333335
2014-10-01,3669.0,3543.0,6.9,297.0,8.38,3300.583333333333,6.375,291.9166666666667,8.8225,21.17649193548387,15755.31,4.521188004757474,36.20500000000003,29.897,20.91948924731183,36.6,13.5,1.4318548387096774,76.2741935483871,18.495722222222224,15.55486559139785,15.185645161290324
2014-11-01,3594.0,3590.0,6.5,329.0,9.16,3301.333333333333,6.391666666666667,286.3333333333333,8.664166666666667,23.319069444444445,16789.73,4.42722612046589,34.7929,31.4615,22.900416666666665,34.4,13.7,1.337361111111111,72.52222222222223,21.17649193548387,18.495722222222224,15.55486559139785
2014-12-01,3180.0,3495.0,6.7,327.0,9.36,3309.75,6.408333333333334,286.5833333333333,8.648333333333333,25.11674731182796,18686.86,4.61799419972138,37.67550000000001,33.8695,24.242473118279573,37.3,14.5,1.44502688172043,74.39650537634408,23.319069444444445,21.17649193548387,18.495722222222224
2015-01-01,3285.0,3669.0,6.4,282.0,7.69,3326.25,6.408333333333334,283.75,8.530833333333334,26.84173387096774,19970.25,4.845679023584304,39.8471,36.581500000000005,25.451344086021503,36.0,17.9,1.3905913978494622,75.45295698924731,25.11674731182796,23.319069444444445,21.17649193548387
2015-02-01,3051.0,3594.0,6.2,319.0,8.88,3344.5,6.400000000000001,286.6666666666667,8.57,25.719107142857144,17283.24,3.8739169178708335,36.90959999999999,33.195499999999974,24.657589285714288,34.3,18.2,1.4733630952380952,77.73065476190476,26.84173387096774,25.11674731182796,23.319069444444445
2015-03-01,3249.0,3180.0,6.4,278.0,8.74,3338.1666666666665,6.408333333333334,286.4166666666667,8.579166666666667,24.605873655913975,18306.77,4.193281852516986,36.2698,32.26,23.838037634408604,34.2,15.8,1.498252688172043,75.2741935483871,25.719107142857144,26.84173387096774,25.11674731182796
2015-04-01,3297.0,3285.0,6.6,268.0,8.16,3359.5,6.433333333333333,286.5833333333333,8.5275,21.2675,15312.6,3.7624922384276234,31.2086,28.7325,21.052222222222223,32.0,13.4,1.1954166666666668,76.89722222222223,24.605873655913975,25.719107142857144,26.84173387096774
2015-05-01,3302.0,3051.0,6.3,232.0,7.6,3360.25,6.458333333333333,284.1666666666667,8.445833333333333,18.35430107526882,13655.6,4.125035672028007,29.389600000000016,25.5055,18.313844086021504,29.6,9.0,1.1814516129032258,81.48790322580645,21.2675,24.605873655913975,25.719107142857144
2015-06-01,3445.0,3249.0,6.2,244.0,7.51,3370.25,6.45,282.0833333333333,8.355,15.222972222222223,10960.54,5.125537637859401,27.65009999999999,23.835499999999996,15.4575,28.4,5.8,0.9620833333333334,82.29722222222222,18.35430107526882,21.2675,24.605873655913975
2015-07-01,3518.0,3297.0,6.1,291.0,8.83,3395.0,6.425000000000001,285.9166666666667,8.41,15.471263440860216,11510.62,3.600325806321279,27.5157,21.893500000000003,15.573924731182796,28.9,7.0,1.0635752688172042,87.42876344086021,15.222972222222223,18.35430107526882,21.2675
2015-08-01,3658.0,3302.0,6.5,268.0,8.12,3391.6666666666665,6.441666666666666,286.5,8.435833333333333,20.3505376344086,15140.8,4.845987862620502,32.09370000000002,29.5025,20.31706989247312,34.6,9.9,1.3416666666666668,74.26612903225806,15.471263440860216,15.222972222222223,18.35430107526882
2015-09-01,3428.0,3445.0,6.6,317.0,9.2,3391.6666666666665,6.449999999999999,287.6666666666667,8.469166666666668,16.983458333333335,12228.09,3.622714825978109,25.726699999999997,21.9915,17.14,29.3,6.3,1.4241666666666668,79.48055555555555,20.3505376344086,15.471263440860216,15.222972222222223
2015-10-01,3582.0,3518.0,6.3,368.0,10.46,3389.583333333333,6.4,293.5833333333333,8.6425,18.62947580645161,13860.33,4.06681165779523,30.349600000000013,25.615,18.52244623655914,30.7,7.5,1.574462365591398,82.67204301075269,16.983458333333335,20.3505376344086,15.471263440860216
2015-11-01,3666.0,3658.0,6.4,351.0,9.6,3395.25,6.391666666666667,295.4166666666667,8.679166666666667,21.023083333333336,15136.62,3.709715799670567,32.02909999999999,28.092,20.7475,31.0,13.9,1.88125,78.77638888888889,18.62947580645161,16.983458333333335,20.3505376344086
2015-12-01,3416.0,3428.0,6.4,310.0,9.04,3389.6666666666665,6.366666666666667,294.0,8.6525,24.60048387096774,18302.76,4.564759420572695,37.59940000000002,33.88,23.61774193548387,35.0,13.2,1.4646505376344086,79.55376344086021,21.023083333333336,18.62947580645161,16.983458333333335
2016-01-01,3204.0,3582.0,6.5,317.0,8.85,3382.4166666666665,6.375,296.9166666666667,8.749166666666666,26.797553763440863,19937.38,4.64965970011246,38.63900000000003,35.5225,25.68198924731183,38.4,18.4,1.675537634408602,72.71774193548387,24.60048387096774,21.023083333333336,18.62947580645161
2016-02-01,3030.0,3666.0,6.5,314.0,8.57,3388.4166666666665,6.400000000000001,296.5,8.723333333333333,27.888290229885055,19410.25,4.719122962258096,41.233,36.8025,26.197988505747126,35.3,17.5,1.4219827586206897,74.54885057471265,26.797553763440863,24.60048387096774,21.023083333333336
2016-03-01,3255.0,3416.0,6.2,270.0,7.9,3408.083333333333,6.383333333333333,295.8333333333333,8.653333333333334,23.30158602150538,17336.38,3.5629670912405684,35.62500000000003,29.897,22.677150537634407,34.4,17.2,1.730241935483871,80.51075268817205,27.888290229885055,26.797553763440863,24.60048387096774
2016-04-01,3114.0,3204.0,6.2,278.0,8.68,3401.333333333333,6.3500000000000005,296.6666666666667,8.696666666666667,23.296152777777777,16773.23,7.015398129007095,39.191,35.825,22.28013888888889,35.6,7.1,1.5066666666666666,82.77222222222223,23.30158602150538,27.888290229885055,26.797553763440863
2016-05-01,3235.0,3030.0,6.1,230.0,7.59,3399.583333333333,6.333333333333333,296.5,8.695833333333333,14.905067204301076,11089.37,3.4999434713065827,22.908400000000007,20.27,15.092876344086022,24.2,7.2,1.1795698924731184,86.06451612903226,23.296152777777777,23.30158602150538,27.888290229885055
2016-06-01,3267.0,3255.0,6.2,276.0,8.48,3400.083333333333,6.333333333333333,299.1666666666667,8.776666666666666,11.039,7948.08,3.3677825789834763,18.9062,16.565999999999992,11.651944444444444,21.8,4.6,1.111388888888889,82.97361111111111,14.905067204301076,23.296152777777777,23.30158602150538
2016-07-01,3459.0,3114.0,6.2,272.0,8.73,3384.833333333333,6.341666666666666,297.5833333333333,8.768333333333333,13.90298387096774,10343.82,5.102700044751924,28.254100000000005,24.047,14.269354838709678,29.0,5.3,1.407258064516129,82.13575268817205,11.039,14.905067204301076,23.296152777777777
2016-08-01,3514.0,3235.0,6.2,279.0,8.62,3379.25,6.316666666666666,298.5,8.81,16.035712365591397,11930.57,4.98016707498988,31.77830000000001,24.668500000000005,16.246505376344086,32.3,6.6,1.170564516129032,80.10483870967742,13.90298387096774,11.039,14.905067204301076
2016-09-01,3403.0,3267.0,6.4,353.0,10.81,3364.4166666666665,6.300000000000001,301.5,8.944166666666666,16.023625,11537.01,3.9912493710707073,27.6624,23.762,16.277916666666666,31.2,8.8,1.6715277777777775,78.4,16.035712365591397,13.90298387096774,11.039
2016-10-01,3729.0,3459.0,6.6,351.0,10.15,3359.5,6.325,300.0833333333333,8.918333333333333,19.317137096774196,14371.95,4.127021777387554,30.306800000000013,27.0685,19.24032258064516,32.3,9.5,1.860483870967742,78.58333333333333,16.023625,16.035712365591397,13.90298387096774
2016-11-01,3498.0,3514.0,6.6,342.0,9.73,3347.5,6.341666666666666,299.3333333333333,8.929166666666665,21.07825,15176.34,5.135144012238174,34.51249999999999,30.19,20.900277777777777,34.7,9.9,1.5283333333333335,73.04444444444445,19.317137096774196,16.023625,16.035712365591397
2016-12-01,3177.0,3403.0,6.7,307.0,9.02,3345.4166666666665,6.366666666666666,299.0833333333333,8.9275,25.35342741935484,18862.95,5.240309053598672,39.4928,34.940000000000005,24.416129032258063,37.9,14.7,1.568010752688172,72.71908602150538,21.07825,19.317137096774196,16.023625
2017-01-01,3231.0,3729.0,6.5,335.0,8.98,3357.6666666666665,6.366666666666666,300.5833333333333,8.938333333333334,26.98467741935484,20076.6,4.782680581345278,39.17970000000001,35.6965,25.373790322580643,34.3,17.5,1.562768817204301,77.68951612903226,25.35342741935484,21.07825,19.317137096774196
2017-02-01,2857.0,3498.0,6.6,310.0,8.86,3343.6666666666665,6.375,300.25,8.9625,28.111860119047616,18891.17,4.982920751664021,41.2535,37.50699999999999,26.209226190476187,36.1,18.0,1.2727678571428571,77.29017857142857,26.98467741935484,25.35342741935484,21.07825
2017-03-01,3234.0,3177.0,6.5,293.0,9.22,3323.75,6.400000000000001,302.1666666666667,9.0725,24.207674731182795,18010.51,4.817582350126343,38.76110000000001,33.815,23.320430107526885,34.8,13.7,1.543010752688172,78.27956989247312,28.111860119047616,26.98467741935484,25.35342741935484
2017-04-01,3086.0,3231.0,6.2,277.0,8.57,3326.0,6.400000000000001,302.0833333333333,9.063333333333334,20.588083333333334,14823.42,4.555050377655146,30.6767,27.954,20.347638888888888,31.5,8.6,1.4475,78.93194444444444,24.207674731182795,28.111860119047616,26.98467741935484
2017-05-01,3532.0,2857.0,6.2,250.0,8.75,3311.583333333333,6.408333333333332,303.75,9.16,18.617352150537634,13851.31,3.2555631822408277,27.46690000000001,24.7005,18.4375,27.9,10.0,1.2778225806451613,86.78225806451613,20.588083333333334,24.207674731182795,28.111860119047616
2017-06-01,3408.0,3234.0,6.3,272.0,8.41,3309.833333333333,6.416666666666667,303.4166666666667,9.154166666666669,16.0125,11529.0,4.419296682852482,27.3081,24.881,16.13013888888889,28.2,5.6,1.1104166666666666,84.53888888888889,18.617352150537634,20.588083333333334,24.207674731182795
2017-07-01,3461.0,3086.0,6.4,248.0,8.04,3307.5,6.433333333333334,301.4166666666667,9.096666666666666,16.453978494623655,12241.76,5.776598171787496,27.6271,26.017,16.73494623655914,30.1,5.6,1.0255376344086022,75.8763440860215,16.0125,18.617352150537634,20.588083333333334
2017-08-01,3454.0,3532.0,6.2,301.0,8.52,3332.25,6.433333333333334,303.25,9.088333333333331,17.412217741935486,12954.69,5.018282140362078,32.31850000000001,26.977,17.48467741935484,33.8,7.1,1.313037634408602,80.05779569892474,16.453978494623655,16.0125,18.617352150537634
2017-09-01,3596.0,3408.0,6.4,324.0,9.51,3344.0,6.433333333333334,300.8333333333333,8.979999999999999,20.608486111111112,14838.11,4.477932796253458,34.11439999999998,30.185499999999998,20.30763888888889,34.6,14.2,1.3965277777777778,81.49166666666666,17.412217741935486,16.453978494623655,16.0125
2017-10-01,3328.0,3461.0,6.8,404.0,11.67,3344.1666666666665,6.45,305.25,9.106666666666667,20.13981182795699,14984.02,3.7029489855125055,30.0357,27.305000000000003,20.00779569892473,30.7,11.6,1.6748655913978494,78.21639784946237,20.608486111111112,17.412217741935486,16.453978494623655
2017-11-01,3425.0,3454.0,6.5,312.0,9.03,3339.1666666666665,6.441666666666667,302.75,9.048333333333334,20.79351388888889,14971.33,4.0288206168913945,31.39229999999996,28.1325,20.72083333333333,35.1,11.9,1.8936111111111111,73.8861111111111,20.13981182795699,20.608486111111112,17.412217741935486
2017-12-01,3282.0,3596.0,6.4,346.0,9.62,3355.25,6.416666666666667,306.0,9.098333333333334,24.83489247311828,18477.16,4.873611586309454,37.1514,34.2385,23.927419354838708,35.5,15.4,1.955913978494624,76.40860215053763,20.79351388888889,20.13981182795699,20.608486111111112
2018-01-01,3245.0,3328.0,6.6,319.0,9.59,3321.833333333333,6.425000000000001,304.6666666666667,9.149166666666666,25.56481182795699,19020.22,3.999841816127939,36.23650000000002,33.1325,24.553629032258065,35.5,16.5,1.8501344086021505,77.27553763440861,24.83489247311828,20.79351388888889,20.13981182795699
2018-02-01,2894.0,3425.0,6.7,335.0,9.78,3315.75,6.433333333333334,306.75,9.225833333333332,24.549866071428568,16497.51,4.059445368932546,34.18089999999999,31.81099999999999,23.777380952380952,35.4,14.3,1.7425595238095235,77.16220238095238,25.56481182795699,24.83489247311828,20.79351388888889
2018-03-01,3083.0,3282.0,6.5,299.0,9.11,3324.5,6.433333333333334,307.25,9.216666666666669,23.77961021505376,17692.03,4.598585566812093,36.922500000000014,32.82,22.989381720430107,35.8,14.5,1.4543010752688172,79.93951612903226,24.549866071428568,25.56481182795699,24.83489247311828
2018-04-01,3057.0,3245.0,6.1,314.0,9.68,3325.6666666666665,6.425,310.3333333333333,9.309166666666666,23.905013888888888,17211.61,3.966118115566133,34.404799999999994,31.701,23.13930555555556,33.1,16.1,1.3229166666666667,81.21527777777777,23.77961021505376,24.549866071428568,25.56481182795699
2018-05-01,3122.0,2894.0,6.4,253.0,8.74,3328.75,6.441666666666667,310.5833333333333,9.308333333333332,18.078172043010756,13450.16,4.909063432806669,27.838400000000007,25.4055,18.0505376344086,28.6,5.3,1.4053763440860214,82.30913978494624,23.905013888888888,23.77961021505376,24.549866071428568
2018-06-01,3287.0,3083.0,6.2,272.0,8.82,3316.1666666666665,6.433333333333333,310.5833333333333,9.3425,12.938958333333332,9316.05,4.802066708347419,26.696599999999957,21.521,13.272222222222222,28.3,2.7,1.363611111111111,86.17361111111111,18.078172043010756,23.905013888888888,23.77961021505376
2018-07-01,3366.0,3057.0,6.6,222.0,7.26,3313.75,6.45,308.4166666666667,9.277499999999998,14.327674731182796,10659.79,4.32225597799111,28.2257,22.915000000000006,14.51760752688172,29.7,5.6,1.5474462365591397,87.67338709677419,12.938958333333332,18.078172043010756,23.905013888888888
2018-08-01,3353.0,3122.0,6.3,283.0,9.06,3279.583333333333,6.458333333333333,306.9166666666667,9.3225,13.704381720430106,10196.06,4.534086441553247,24.851300000000005,22.4185,14.081317204301076,28.8,3.8,1.6654569892473117,82.36155913978494,14.327674731182796,12.938958333333332,18.078172043010756
2018-09-01,3391.0,3287.0,6.5,325.0,9.89,3269.5,6.466666666666666,307.0,9.354166666666666,19.30386111111111,13898.78,3.958534707709839,32.6186,25.9605,19.105277777777776,32.7,9.9,1.8715277777777777,83.8,13.704381720430106,14.327674731182796,12.938958333333332
2018-10-01,3351.0,3366.0,6.6,387.0,11.5,3261.583333333333,6.449999999999999,305.5833333333333,9.34,20.188333333333336,15020.12,4.26331585630523,31.549600000000016,28.438500000000005,20.03266129032258,32.3,9.4,1.9076612903225807,77.68682795698925,19.30386111111111,13.704381720430106,14.327674731182796
2018-11-01,3116.0,3353.0,6.8,328.0,9.78,3253.1666666666665,6.474999999999999,306.9166666666667,9.4025,23.064097222222223,16606.15,4.750177013493221,35.9986,32.4635,22.580277777777777,34.3,12.8,1.852222222222222,74.60972222222222,20.188333333333336,19.30386111111111,13.704381720430106
2018-12-01,3128.0,3391.0,7.1,393.0,11.59,3236.083333333333,6.533333333333334,310.8333333333333,9.566666666666666,25.045954301075263,18634.19,5.773376534718391,41.27630000000003,35.62200000000001,24.0858870967742,37.4,12.1,1.8233870967741932,73.32795698924731,23.064097222222223,20.188333333333336,19.30386111111111
2019-01-01,3100.0,3351.0,6.9,328.0,9.79,3238.0,6.558333333333333,311.5833333333333,9.583333333333334,28.9401747311828,21531.49,5.903170861018748,43.87530000000002,40.21,26.65766129032258,38.0,19.2,1.7969086021505378,77.85349462365592,25.045954301075263,23.064097222222223,20.188333333333336
2019-02-01,3104.0,3116.0,6.6,310.0,9.95,3212.25,6.55,309.5,9.5975,25.642261904761902,17231.6,4.953496433620486,39.01179999999999,35.5235,24.57916666666667,36.6,16.9,1.646577380952381,76.44196428571429,28.9401747311828,25.045954301075263,23.064097222222223
2019-03-01,2867.0,3128.0,6.5,272.0,8.7,3199.4166666666665,6.55,307.25,9.563333333333334,23.716236559139787,17644.88,4.449454737318078,36.371300000000005,32.08,22.99260752688172,35.4,13.3,1.5935483870967742,78.65456989247312,25.642261904761902,28.9401747311828,25.045954301075263
2019-04-01,3232.0,3100.0,6.5,282.0,9.1,3187.333333333333,6.583333333333333,304.5833333333333,9.515,22.46397222222222,16174.06,3.891066484381296,35.3305,31.0,21.79694444444444,32.3,13.8,1.3718055555555555,85.51527777777778,23.716236559139787,25.642261904761902,28.9401747311828
2019-05-01,3209.0,3104.0,6.0,275.0,8.86,3204.833333333333,6.55,306.4166666666667,9.525,19.42083333333333,14449.1,3.3232336575352543,30.138100000000016,25.099000000000004,19.058198924731183,29.6,10.3,1.259274193548387,90.15456989247312,22.46397222222222,23.716236559139787,25.642261904761902
2019-06-01,3239.0,2867.0,6.2,269.0,9.38,3186.833333333333,6.550000000000001,306.1666666666667,9.571666666666667,18.51155555555556,13328.32,5.006920364926942,29.46719999999999,27.222,18.48958333333333,30.3,3.8,1.1716666666666666,79.15694444444445,19.42083333333333,22.46397222222222,23.716236559139787
2019-07-01,3375.0,3232.0,6.2,300.0,9.28,3201.4166666666665,6.516666666666666,312.6666666666667,9.74,13.207365591397853,9826.28,5.222491327095435,26.028500000000005,22.416500000000003,13.649193548387096,27.5,2.3,1.265994623655914,80.60618279569893,18.51155555555556,19.42083333333333,22.46397222222222
2019-08-01,3610.0,3209.0,6.1,256.0,7.98,3208.6666666666665,6.5,310.4166666666667,9.65,15.129072580645165,11256.03,5.724482246046684,28.9057,26.0325,15.573118279569892,32.7,5.2,1.4108870967741935,74.54301075268818,13.207365591397853,18.51155555555556,19.42083333333333
2019-09-01,3518.0,3239.0,6.4,327.0,10.1,3204.6666666666665,6.491666666666667,310.5833333333333,9.6675,16.67663888888889,12007.18,5.194102473882748,32.98489999999998,26.8015,16.91375,36.0,7.1,1.4530555555555555,76.05833333333334,15.129072580645165,13.207365591397853,18.51155555555556
2019-10-01,3623.0,3375.0,6.4,357.0,10.58,3205.4166666666665,6.4750000000000005,308.0833333333333,9.590833333333334,20.828575268817204,15496.46,4.8526048685708725,36.63270000000001,30.253500000000003,20.594489247311827,37.9,12.6,1.644758064516129,78.75537634408602,16.67663888888889,15.129072580645165,13.207365591397853
2019-11-01,3516.0,3610.0,6.4,362.0,10.03,3226.833333333333,6.441666666666667,310.9166666666667,9.611666666666666,22.587958333333333,16263.33,4.364568605044068,34.86249999999998,31.0765,22.23777777777778,33.4,12.6,1.5825,73.56944444444444,20.828575268817204,16.67663888888889,15.129072580645165
2019-12-01,3291.0,3518.0,6.5,332.0,9.44,3237.4166666666665,6.391666666666667,305.8333333333333,9.4325,25.34006720430107,18853.01,5.6393381455246105,38.778400000000005,36.2585,24.92782258064516,38.7,13.1,1.7126344086021503,61.314516129032256,22.587958333333333,20.828575268817204,16.67663888888889
2020-01-01,3243.0,3623.0,6.6,342.0,9.44,3260.083333333333,6.366666666666667,307.0,9.403333333333334,26.23540322580645,19519.14,4.685813686488704,38.60090000000002,35.2255,25.32177419354839,37.7,14.9,1.7544354838709677,70.41397849462365,25.34006720430107,22.587958333333333,20.828575268817204
2020-02-01,3142.0,3516.0,6.4,325.0,9.24,3293.4166666666665,6.3500000000000005,308.25,9.344166666666666,25.602772988505745,17819.53,5.217104071168107,38.54949999999999,35.245,24.805890804597706,37.0,15.0,1.6360632183908046,68.09913793103448,26.23540322580645,25.34006720430107,22.587958333333333
2020-03-01,3324.0,3291.0,6.2,294.0,8.93,3307.0,6.325,310.0833333333333,9.363333333333332,25.122607526881723,18691.22,4.440327934823325,37.53840000000001,33.2075,24.47674731182796,38.3,17.6,1.5423387096774193,71.14650537634408,25.602772988505745,26.23540322580645,25.34006720430107
2020-04-01,2868.0,3243.0,6.2,308.0,9.5,3318.9166666666665,6.3,312.25,9.396666666666668,20.40888888888889,14694.4,4.0486783006400815,29.9705,28.24099999999999,20.44263888888889,31.6,11.9,1.5476388888888888,70.94166666666666,25.122607526881723,25.602772988505745,26.23540322580645
2020-05-01,2822.0,3142.0,6.3,225.0,7.16,3322.083333333333,6.325,308.0833333333333,9.255,16.519462365591398,12290.48,4.340993365384534,28.00980000000001,24.1825,16.828360215053763,30.5,8.0,1.3096774193548386,74.98252688172043,20.40888888888889,25.122607526881723,25.602772988505745
2020-06-01,3016.0,3324.0,5.7,226.0,6.8,3360.1666666666665,6.283333333333332,304.5,9.04,16.233513888888886,11688.13,5.321177833195496,29.02389999999999,25.7605,16.445694444444445,30.5,5.2,1.2852777777777775,79.76388888888889,16.519462365591398,20.40888888888889,25.122607526881723
2020-07-01,3047.0,2868.0,5.8,246.0,8.58,3329.833333333333,6.25,300.0,8.981666666666666,13.248817204301076,9857.12,5.876414220454775,28.847000000000005,26.71700000000002,13.729704301075268,30.3,2.7,1.3919354838709677,78.42876344086021,16.233513888888886,16.519462365591398,20.40888888888889
2020-08-01,3149.0,2822.0,5.7,305.0,10.81,3297.583333333333,6.216666666666666,304.0833333333333,9.2175,15.73784946236559,11708.96,5.532179294925067,29.3514,25.847,16.09717741935484,30.7,4.0,1.2221774193548387,75.3763440860215,13.248817204301076,16.233513888888886,16.519462365591398
2020-09-01,2992.0,3016.0,6.1,301.0,9.98,3279.0,6.191666666666666,301.9166666666667,9.2075,16.75808333333333,12065.82,4.529344985910303,27.7186,24.8845,16.866111111111113,29.0,5.7,1.7119444444444445,81.81388888888888,15.73784946236559,13.248817204301076,16.233513888888886
2020-10-01,3308.0,3047.0,5.9,313.0,10.27,3251.6666666666665,6.15,298.25,9.181666666666668,19.39147849462365,14427.26,4.373091088822476,31.068100000000012,27.057,19.36747311827957,33.2,10.8,1.705510752688172,76.85349462365592,16.75808333333333,15.73784946236559,13.248817204301076
2020-11-01,3061.0,3149.0,5.8,325.0,10.32,3213.25,6.1000000000000005,295.1666666666667,9.205833333333333,21.975,15822.0,4.92381736752152,35.519099999999995,31.01099999999999,21.700972222222223,37.2,11.6,1.7351388888888888,72.575,19.39147849462365,16.75808333333333,15.73784946236559
2020-12-01,2924.0,2992.0,6.0,302.0,10.09,3169.4166666666665,6.058333333333334,292.6666666666667,9.26,24.524771505376343,18246.43,4.500441725165393,36.78480000000003,33.1055,23.893010752688173,37.4,15.8,1.7240591397849463,71.4758064516129,21.975,19.39147849462365,16.75808333333333
2021-01-01,2773.0,3308.0,6.0,343.0,10.37,3143.1666666666665,6.008333333333334,292.75,9.3375,26.062110215053764,19390.21,4.487934533329788,37.174500000000045,34.3555,25.08494623655914,37.2,17.0,1.6361559139784945,71.47849462365592,24.524771505376343,21.975,19.39147849462365
2021-02-01,2568.0,3061.0,6.1,273.0,8.92,3105.25,5.983333333333333,288.4166666666667,9.310833333333331,25.30171130952381,17002.75,3.8731890786967016,34.86189999999999,32.05799999999999,24.560714285714283,33.8,17.8,1.5821428571428573,72.08482142857143,26.062110215053764,24.524771505376343,21.975
2021-03-01,2287.0,2924.0,6.3,282.0,9.64,3074.6666666666665,5.991666666666666,287.4166666666667,9.37,24.44440860215054,18186.64,3.798549333461594,35.33690000000001,32.0135,23.69986559139785,33.8,16.7,1.3779569892473118,77.49193548387096,25.30171130952381,26.062110215053764,24.524771505376343
2021-04-01,2196.0,2773.0,6.0,301.0,10.85,3035.5,5.9750000000000005,286.8333333333333,9.4825,21.958430555555555,15810.07,4.338018994779189,33.5605,29.5405,21.77388888888889,34.5,11.5,1.4438888888888888,71.68472222222222,24.44440860215054,25.30171130952381,26.062110215053764
2021-05-01,2505.0,2568.0,6.2,268.0,10.44,2987.6666666666665,5.966666666666666,290.4166666666667,9.755833333333332,15.121653225806453,11250.51,4.606837867415322,28.66540000000001,23.760500000000008,15.514112903225806,31.9,4.8,1.2583333333333333,76.38172043010752,21.958430555555555,24.44440860215054,25.30171130952381
2021-06-01,2922.0,2287.0,6.1,250.0,10.93,2901.25,6.0,292.4166666666667,10.1,14.022222222222222,10096.0,4.237337225849439,28.298099999999945,20.7915,14.384722222222225,31.0,7.0,1.4193055555555556,81.87083333333334,15.121653225806453,21.958430555555555,24.44440860215054
2021-07-01,3147.0,2196.0,5.7,271.0,12.34,2845.25,5.991666666666666,294.5,10.413333333333334,13.05034946236559,9709.46,5.459629238830324,26.67120000000001,22.2655,13.592876344086022,27.7,2.5,1.2463709677419357,77.19220430107526,14.022222222222222,15.121653225806453,21.958430555555555
2021-08-01,3327.0,2505.0,6.0,302.0,12.06,2818.833333333333,6.016666666666667,294.25,10.5175,16.34529569892473,12160.9,5.046084090658316,31.153400000000037,26.615000000000016,16.537903225806453,34.4,4.0,1.3551075268817203,80.21370967741936,13.05034946236559,14.022222222222222,15.121653225806453
2021-09-01,3362.0,2922.0,6.1,362.0,12.39,2811.0,6.016666666666666,299.3333333333333,10.718333333333334,18.176152777777776,13086.83,3.540024131675299,28.9024,24.576999999999984,18.213472222222222,30.0,9.9,1.5922222222222224,79.40833333333333,16.34529569892473,13.05034946236559,14.022222222222222
2021-10-01,3381.0,3147.0,6.2,390.0,12.39,2819.333333333333,6.041666666666667,305.75,10.895,19.628709677419355,14603.76,4.632312917183557,31.315500000000007,29.0855,19.69758064516129,33.3,9.9,1.6575268817204305,71.90456989247312,18.176152777777776,16.34529569892473,13.05034946236559
2021-11-01,3325.0,3327.0,6.5,382.0,11.48,2834.1666666666665,6.099999999999999,310.5,10.991666666666667,21.98876388888889,15831.91,4.474837018478852,33.430499999999995,30.1965,21.89680555555556,35.8,12.8,1.6273611111111113,69.7611111111111,19.628709677419355,18.176152777777776,16.34529569892473
2021-12-01,3272.0,3362.0,6.5,377.0,11.21,2865.0,6.141666666666666,316.75,11.085,23.65837365591398,17601.83,4.140951758941865,34.894200000000005,31.4725,23.25040322580645,34.6,15.5,1.8629032258064515,71.76612903225806,21.98876388888889,19.628709677419355,18.176152777777776
2022-01-01,3064.0,3381.0,6.6,353.0,10.44,2871.083333333333,6.191666666666666,317.5833333333333,11.090833333333334,27.881680107526883,20743.97,6.447189607543727,44.7642,40.808,26.20376344086021,39.7,17.6,1.6224462365591397,71.16666666666667,23.65837365591398,21.98876388888889,19.628709677419355
2022-02-01,2787.0,3325.0,6.8,310.0,9.32,2893.083333333333,6.25,320.6666666666667,11.124166666666667,26.123422619047616,17554.94,4.758481286603645,39.28149999999999,35.288,25.191666666666663,36.5,17.9,1.5013392857142858,71.05505952380952,27.881680107526883,23.65837365591398,21.98876388888889
2022-03-01,2957.0,3272.0,6.8,313.0,9.57,2922.083333333333,6.291666666666667,323.25,11.118333333333332,23.338561827956987,17363.89,4.952382050009289,38.30770000000003,33.4385,22.66424731182796,36.3,11.4,1.444220430107527,76.85887096774194,26.123422619047616,27.881680107526883,23.65837365591398
2022-04-01,3117.0,3064.0,6.4,321.0,10.48,2946.333333333333,6.325,324.9166666666667,11.0875,19.94990277777778,14363.93,3.976190664686418,31.10439999999993,25.932,19.797638888888887,33.8,10.7,1.2140277777777777,79.07083333333334,23.338561827956987,26.123422619047616,27.881680107526883
2022-05-01,3112.0,2787.0,6.3,286.0,10.26,2964.583333333333,6.333333333333333,326.4166666666667,11.0725,15.46524193548387,11506.14,3.756422039158282,24.86100000000001,21.056500000000003,15.640860215053763,28.4,5.3,1.238978494623656,84.43010752688173,19.94990277777778,23.338561827956987,26.123422619047616
2022-06-01,3426.0,2957.0,6.3,293.0,9.91,3020.4166666666665,6.3500000000000005,330.0,10.9875,12.663569444444445,9117.77,3.958720822626799,21.392199999999967,19.1315,13.104305555555555,23.7,3.8,1.1091666666666666,83.76944444444445,15.46524193548387,19.94990277777778,23.338561827956987
2022-07-01,3538.0,3117.0,6.6,312.0,10.01,3097.1666666666665,6.425,333.4166666666667,10.793333333333337,16.234543010752688,12078.5,4.701590298894517,27.87550000000001,24.5385,16.345026881720432,29.8,5.7,1.2103494623655917,83.83602150537635,12.663569444444445,15.46524193548387,19.94990277777778
2022-08-01,3512.0,3112.0,6.7,309.0,9.93,3147.75,6.483333333333333,334.0,10.615833333333333,14.778494623655916,10995.2,4.832872898132124,28.15970000000001,24.0695,15.152284946236556,31.5,4.1,1.3661290322580646,78.73252688172043,16.234543010752688,12.663569444444445,15.46524193548387
2022-09-01,3663.0,3426.0,6.6,390.0,11.38,3189.75,6.525,336.3333333333333,10.531666666666666,16.215291666666666,11675.01,4.182890799001329,27.288199999999986,23.3845,16.522777777777776,28.0,6.6,1.5608333333333333,75.62361111111112,14.778494623655916,16.234543010752688,12.663569444444445
2022-10-01,3722.0,3538.0,6.6,401.0,11.33,3222.333333333333,6.558333333333334,337.25,10.443333333333332,18.989327956989246,14128.06,4.497441812703318,32.601200000000006,27.708,19.03561827956989,34.0,9.7,1.6760752688172045,75.54166666666667,16.215291666666666,14.778494623655916,16.234543010752688
2022-11-01,3555.0,3512.0,6.9,381.0,10.85,3237.75,6.591666666666668,337.1666666666667,10.390833333333331,21.016583333333333,15131.94,4.817339450473126,30.6105,29.13,20.963194444444444,31.9,9.4,1.7140277777777777,70.7611111111111,18.989327956989246,16.215291666666666,14.778494623655916
2022-12-01,3512.0,3663.0,6.6,368.0,10.05,3262.833333333333,6.6000000000000005,336.4166666666667,10.294166666666667,24.65125,18340.53,4.6196432566787164,36.86650000000002,33.642,24.071908602150536,36.0,15.8,1.7193548387096775,69.80645161290323,21.016583333333333,18.989327956989246,16.215291666666666
2023-01-01,3516.0,3722.0,7.1,356.0,9.56,3291.25,6.641666666666666,336.6666666666667,10.220833333333331,27.120094086021503,20177.35,4.664213590353544,39.16480000000003,36.0955,26.08306451612903,37.7,18.9,1.6345430107526882,69.60887096774194,24.65125,21.016583333333333,18.989327956989246
2023-02-01,3100.0,3555.0,7.1,303.0,8.52,3310.4166666666665,6.666666666666667,336.0833333333333,10.154166666666669,25.49702380952381,17134.0,4.981424339134957,37.33829999999999,34.678,24.725892857142856,38.1,12.4,1.4276785714285714,71.75892857142857,27.120094086021503,24.65125,21.016583333333333
2023-03-01,3237.0,3512.0,7.0,288.0,8.2,3330.4166666666665,6.683333333333334,334.0,10.04,26.676250000000003,19847.13,4.223981211834086,36.459900000000005,35.084,25.44126344086021,34.8,18.0,1.3956989247311828,75.83333333333333,25.49702380952381,27.120094086021503,24.65125
2023-04-01,3244.0,3516.0,6.9,294.0,8.36,3368.083333333333,6.724999999999999,331.75,9.863333333333332,20.670625,14882.85,3.988103661998472,32.36529999999999,27.791,20.60472222222222,32.6,10.5,1.3416666666666666,73.21666666666667,26.676250000000003,25.49702380952381,27.120094086021503
2023-05-01,3322.0,3100.0,6.6,270.0,8.71,3394.1666666666665,6.75,330.4166666666667,9.734166666666669,18.36825268817204,13665.98,3.858699410680324,28.451300000000003,24.354000000000006,18.346370967741937,29.1,10.3,1.061962365591398,81.0510752688172,20.670625,26.676250000000003,25.49702380952381
2023-06-01,3374.0,3237.0,7.1,276.0,8.53,3417.5,6.816666666666666,329.0,9.619166666666668,16.081972222222223,11579.02,4.931157616354986,27.712899999999998,24.987499999999997,16.293055555555554,28.6,5.5,1.1648611111111111,80.10555555555555,18.36825268817204,20.670625,26.676250000000003
2023-07-01,3754.0,3244.0,6.8,248.0,7.64,3428.083333333333,6.833333333333333,323.6666666666667,9.421666666666669,15.196384408602151,11306.11,4.546258215336025,27.81540000000001,23.2555,15.460887096774194,29.1,4.8,1.3079301075268817,81.56586021505376,16.081972222222223,18.36825268817204,20.670625
2023-08-01,3768.0,3322.0,7.0,337.0,10.14,3445.583333333333,6.858333333333333,326.0,9.439166666666669,16.376814516129034,12184.35,5.635805016462548,31.469000000000037,26.8055,16.696639784946235,32.3,4.1,1.2758064516129033,73.81451612903226,15.196384408602151,16.081972222222223,18.36825268817204
2023-09-01,3606.0,3374.0,6.8,338.0,10.02,3441.25,6.875,321.6666666666667,9.325833333333334,18.412986111111117,13257.35,4.715322326750059,34.300299999999964,27.045499999999997,18.314861111111117,34.9,8.4,1.5773611111111112,83.19166666666666,16.376814516129034,15.196384408602151,16.081972222222223
2023-10-01,3697.0,3754.0,6.8,364.0,9.7,3459.25,6.891666666666667,318.5833333333333,9.19,18.989274193548383,14128.02,3.976331084525172,29.804100000000005,25.4735,18.9625,31.6,8.9,1.555510752688172,78.08198924731182,18.412986111111117,16.376814516129034,15.196384408602151
2023-11-01,3543.0,3768.0,6.9,344.0,9.13,3480.583333333333,6.891666666666666,315.5,9.046666666666669,21.648,15586.56,3.9648503471609726,32.02679999999998,28.89,21.3175,33.5,10.9,1.6591666666666665,78.21388888888889,18.989274193548383,18.412986111111117,16.376814516129034
2023-12-01,3424.0,3606.0,6.9,329.0,9.12,3475.833333333333,6.916666666666667,312.25,8.969166666666666,25.725564516129037,19139.82,5.638984994396593,41.5256,37.5185,24.51532258064516,37.9,15.7,1.5561827956989247,74.65994623655914,21.648,18.989274193548383,18.412986111111117
2024-01-01,3739.0,3697.0,7.5,341.0,9.22,3473.75,6.95,311.0,8.940833333333332,25.270954301075268,18801.59,4.526116530891163,38.84260000000001,33.945,24.261693548387097,35.9,18.1,1.6896505376344084,76.07123655913979,25.725564516129037,21.648,18.989274193548383
2024-02-01,3176.0,3543.0,7.3,342.0,9.65,3472.75,6.966666666666666,314.25,9.035,27.63622126436782,19234.81,5.121914205165125,40.84199999999999,37.7225,25.92715517241379,36.7,19.2,1.5804597701149423,75.84626436781609,25.270954301075268,25.725564516129037,21.648
2024-03-01,3390.0,3424.0,7.2,270.0,7.89,3465.4166666666665,6.983333333333333,312.75,9.009166666666667,25.621075268817208,19062.08,4.917063149194802,38.6599,35.1855,24.514516129032256,36.1,15.8,1.31505376344086,75.5241935483871,27.63622126436782,25.270954301075268,25.725564516129037
2024-04-01,3329.0,3739.0,6.7,344.0,9.2,3484.0,6.966666666666668,316.9166666666667,9.079166666666666,22.13655555555556,15938.32,3.4574021009409344,32.60199999999999,28.565499999999997,21.661666666666665,31.3,14.1,1.384861111111111,81.56527777777778,25.621075268817208,27.63622126436782,25.270954301075268
2024-05-01,3172.0,3176.0,6.4,264.0,8.31,3490.333333333333,6.949999999999999,316.4166666666667,9.045833333333333,16.708185483870967,12430.89,5.357643343332184,33.18220000000002,27.333,16.68494623655914,32.5,7.1,1.3450268817204305,85.83736559139786,22.13655555555556,25.621075268817208,27.63622126436782
2024-06-01,3640.0,3390.0,6.7,277.0,8.17,3503.083333333333,6.916666666666667,316.5,9.015833333333331,17.28388888888889,12444.4,5.390825992677338,29.783399999999997,26.8025,17.371111111111112,31.5,4.6,1.2651388888888888,80.6361111111111,16.708185483870967,22.13655555555556,25.621075268817208
2024-07-01,3689.0,3329.0,6.5,308.0,9.25,3510.1666666666665,6.891666666666667,321.5,9.15,13.313494623655911,9905.24,4.7404948481234985,26.81670000000001,21.778,13.736021505376344,28.9,3.4,1.1233870967741937,81.88709677419355,17.28388888888889,16.708185483870967,22.13655555555556
2024-08-01,3846.0,3172.0,6.7,313.0,9.87,3497.6666666666665,6.866666666666667,319.5,9.1275,15.274395161290322,11364.15,5.299870275441107,28.948500000000003,24.4525,15.59475806451613,31.1,4.5,1.3948924731182797,78.95698924731182,13.313494623655911,17.28388888888889,16.708185483870967
2024-09-01,3426.0,3640.0,6.6,329.0,9.04,3519.833333333333,6.849999999999999,318.75,9.045833333333333,18.789722222222224,13528.6,4.423471400079572,31.82389999999999,26.933,18.740277777777777,33.7,9.0,1.5347222222222223,80.14861111111111,15.274395161290322,13.313494623655911,17.28388888888889
