date,heat_index,heat_index_sum,heat_index_std,heat_index99,heat_index95,temperature_mean,temperature_max,temperature_min,wind_speed_mean,humidity_mean,lag_heat_index_1,lag_heat_index_2,lag_heat_index_3
2000-12,24.154260752688174,17970.77,4.999718995254918,37.89660000000002,33.538,23.575,35.4,13.4,1.8266129032258065,70.83602150537635,21.132402777777777,19.318991935483872,15.300694444444444
2001-01,26.316155913978495,19579.22,4.452697823607993,37.8471,34.6685,25.1369623655914,35.4,17.0,1.777016129032258,75.375,24.154260752688174,21.132402777777777,19.318991935483872
2001-02,27.119464285714283,18224.28,4.274062661576951,37.754799999999996,35.39399999999999,25.69107142857143,34.2,20.2,1.9165178571428574,76.42410714285714,26.316155913978495,24.154260752688174,21.132402777777777
2001-03,26.113387096774193,19428.36,4.220195862172236,36.76700000000001,34.4155,24.98534946236559,34.4,16.3,1.6297043010752688,76.38306451612904,27.119464285714283,26.316155913978495,24.154260752688174
2001-04,21.383902777777777,15396.41,3.4270335187733694,31.002999999999982,28.021499999999993,21.038333333333334,30.8,11.9,1.455138888888889,81.15277777777777,26.113387096774193,27.119464285714283,26.316155913978495
2001-05,16.999529569892474,12647.65,3.4992148966302032,24.539600000000014,23.28,17.07298387096774,27.3,10.8,1.6990591397849462,82.58333333333333,21.383902777777777,26.113387096774193,27.119464285714283
2001-06,16.162041666666667,11636.67,5.767223933894522,27.5181,24.332499999999996,16.35152777777778,28.9,3.1,1.6622222222222223,80.36111111111111,16.999529569892474,21.383902777777777,26.113387096774193
2001-07,14.580241935483873,10847.7,5.133076304765068,25.765700000000002,23.07,14.949327956989247,30.2,2.7,1.6009408602150537,79.40322580645162,16.162041666666667,16.999529569892474,21.383902777777777
2001-08,18.598024193548387,13836.93,4.592116393174099,29.394200000000005,27.79,18.75524193548387,30.7,9.2,1.3926075268817204,74.24731182795699,14.580241935483873,16.162041666666667,16.999529569892474
2001-09,17.503722222222223,12602.68,4.246769208788994,27.758599999999998,25.060999999999996,17.704722222222223,28.4,7.3,2.314583333333333,75.1,18.598024193548387,14.580241935483873,16.162041666666667
2001-10,21.27641129032258,15829.65,4.040490875083806,33.6499,29.304,21.18212365591398,35.3,12.3,2.150537634408602,71.96370967741936,17.503722222222223,18.598024193548387,14.580241935483873
2001-11,21.677472222222224,15607.78,4.270783559328669,33.25429999999999,30.335499999999993,21.52486111111111,34.6,13.0,2.1305555555555555,72.0513888888889,21.27641129032258,17.503722222222223,18.598024193548387
2001-12,23.001532258064515,17113.14,4.221008990197025,33.92790000000002,31.015000000000004,22.669758064516127,35.3,14.6,2.107258064516129,72.1491935483871,21.677472222222224,21.27641129032258,17.503722222222223
2002-01,25.361948924731184,18869.29,3.876310957692332,34.2971,31.9185,24.791263440860217,35.2,16.4,1.910752688172043,68.40053763440861,23.001532258064515,21.677472222222224,21.27641129032258
2002-02,24.085982142857144,16185.78,4.075409655798029,34.738699999999994,31.5145,23.69613095238095,35.2,15.5,1.762202380952381,69.00595238095238,25.361948924731184,23.001532258064515,21.677472222222224
2002-03,27.04028225806452,20117.97,4.892368551259579,39.5328,36.795,25.730376344086025,37.3,18.5,1.7008064516129033,73.66397849462365,24.085982142857144,25.361948924731184,23.001532258064515
2002-04,21.043819444444445,15151.55,4.16644079812001,31.624399999999987,28.9205,20.8175,31.2,10.7,1.7873611111111112,76.67222222222222,27.04028225806452,24.085982142857144,25.361948924731184
2002-05,19.3267876344086,14379.13,3.745147676712528,30.42,27.724,19.27983870967742,32.4,11.2,1.2614247311827957,78.21370967741936,21.043819444444445,27.04028225806452,24.085982142857144
2002-06,14.418930555555555,10381.63,5.5516979668439665,28.646199999999997,24.814999999999994,14.838194444444444,30.1,3.6,1.2466666666666666,77.62361111111112,19.3267876344086,21.043819444444445,27.04028225806452
2002-07,13.722755376344086,10209.73,4.525047898213731,24.197100000000002,21.744,14.18252688172043,28.3,4.8,1.4690860215053763,79.1008064516129,14.418930555555555,19.3267876344086,21.043819444444445
2002-08,16.39685483870968,12199.26,5.481822186304891,30.922400000000014,27.278000000000002,16.651075268817205,32.7,6.5,1.4633064516129033,77.56586021505376,13.722755376344086,14.418930555555555,19.3267876344086
2002-09,15.202097222222223,10945.51,4.923597875599125,26.850499999999997,23.020999999999997,15.63111111111111,30.9,5.9,1.7241666666666668,74.95972222222223,16.39685483870968,13.722755376344086,14.418930555555555
2002-10,20.853870967741937,15515.28,4.273953832404457,32.21,29.197,20.536693548387095,32.0,8.9,1.8258064516129033,79.83064516129032,15.202097222222223,16.39685483870968,13.722755376344086
2002-11,22.605819444444446,16276.19,4.62382674161545,33.5472,31.8615,22.359305555555558,35.1,13.5,2.211388888888889,69.59444444444445,20.853870967741937,15.202097222222223,16.39685483870968
2002-12,23.673252688172045,17612.9,3.4679438616928,35.21100000000002,31.115000000000006,23.27258064516129,34.3,15.8,1.7966397849462366,71.39247311827957,22.605819444444446,20.853870967741937,15.202097222222223
2003-01,25.56975806451613,19023.9,4.104090917161545,35.5871,32.4155,24.940860215053764,36.2,16.5,1.7873655913978495,68.63306451612904,23.673252688172045,22.605819444444446,20.853870967741937
2003-02,26.795520833333335,18006.59,5.27999074448624,39.839,37.18749999999999,25.561309523809523,37.5,16.3,1.4148809523809522,71.3452380952381,25.56975806451613,23.673252688172045,22.605819444444446
2003-03,24.2495564516129,18041.67,4.577100905231865,36.18310000000004,32.959,23.556317204301077,34.2,15.1,1.5504032258064515,74.66532258064517,26.795520833333335,25.56975806451613,23.673252688172045
2003-04,20.352458333333335,14653.77,4.133509312111215,29.89769999999999,26.9805,20.333333333333332,30.8,10.7,1.6029166666666665,72.93194444444444,24.2495564516129,26.795520833333335,25.56975806451613
2003-05,17.269610215053763,12848.59,5.026993780547846,28.4,25.421000000000003,17.530645161290323,30.2,8.0,1.747983870967742,73.53225806451613,20.352458333333335,24.2495564516129,26.795520833333335
2003-06,16.736458333333335,12050.25,3.5382114535925897,27.31,23.596999999999984,16.82986111111111,27.3,9.9,1.4561111111111111,82.09583333333333,17.269610215053763,20.352458333333335,24.2495564516129
2003-07,14.26728494623656,10614.86,4.933060240042295,27.049600000000016,22.666500000000003,14.646370967741936,30.3,3.3,1.3561827956989247,79.3010752688172,16.736458333333335,17.269610215053763,20.352458333333335
2003-08,13.477849462365592,10027.52,5.034929240995367,27.51690000000001,23.267000000000014,14.135483870967741,29.9,3.7,1.5862903225806453,71.90725806451613,14.26728494623656,16.736458333333335,17.269610215053763
2003-09,15.617972222222223,11244.94,5.187907524009042,29.09209999999998,24.36049999999999,16.060555555555556,33.8,6.0,1.8365277777777778,73.33472222222223,13.477849462365592,14.26728494623656,16.736458333333335
2003-10,19.982567204301077,14867.03,5.0109918743489406,33.12690000000001,28.7655,20.08239247311828,35.0,8.1,1.9388440860215055,69.6989247311828,15.617972222222223,13.477849462365592,14.26728494623656
2003-11,21.92163888888889,15783.58,4.90921617266118,33.7267,29.882499999999997,21.878888888888888,35.1,9.9,1.9054166666666668,67.18611111111112,19.982567204301077,15.617972222222223,13.477849462365592
2003-12,22.77959677419355,16948.02,3.7313415004586186,31.03,29.421000000000003,22.586693548387096,31.8,12.9,2.0928763440860214,68.70295698924731,21.92163888888889,19.982567204301077,15.617972222222223
2004-01,25.150564516129034,18712.02,4.260571392515053,35.3156,33.011,24.509408602150536,34.7,15.2,1.9595430107526883,70.14650537634408,22.77959677419355,21.92163888888889,19.982567204301077
2004-02,23.91218390804598,16642.88,3.731455418496898,32.848499999999994,30.895,23.539511494252874,32.8,16.3,1.6487068965517242,69.4985632183908,25.150564516129034,22.77959677419355,21.92163888888889
2004-03,23.282379032258063,17322.09,3.800598856458791,32.68400000000001,30.401000000000007,22.990860215053765,34.3,15.5,2.0676075268817202,70.28225806451613,23.91218390804598,25.150564516129034,22.77959677419355
2004-04,22.20975,15991.02,5.109005596491274,33.541,31.472999999999995,21.9675,33.9,10.6,1.54625,71.35,23.282379032258063,23.91218390804598,25.150564516129034
2004-05,15.797849462365592,11753.6,3.51938820679402,22.815600000000003,21.747000000000007,16.086827956989247,25.4,6.7,1.5655913978494622,78.38978494623656,22.20975,23.282379032258063,23.91218390804598
2004-06,15.599097222222223,11231.35,4.811147075249963,27.778100000000002,24.162499999999998,15.847638888888888,29.0,3.0,1.1123611111111111,79.90833333333333,15.797849462365592,22.20975,23.282379032258063
2004-07,13.255053763440861,9861.76,5.141464538573852,27.035700000000002,21.575000000000003,13.81491935483871,28.8,3.0,1.4463709677419354,75.71908602150538,15.599097222222223,15.797849462365592,22.20975
2004-08,14.829543010752689,11033.18,5.009086742387678,28.195200000000018,23.259500000000003,15.29489247311828,30.8,5.4,1.1975806451612903,74.7741935483871,13.255053763440861,15.599097222222223,15.797849462365592
2004-09,18.336833333333335,13202.52,4.9148514367517535,34.0081,28.134999999999994,18.461805555555557,36.4,7.9,1.8004166666666666,76.56666666666666,14.829543010752689,13.255053763440861,15.599097222222223
2004-10,18.358010752688173,13658.36,4.336203296140095,28.731300000000005,25.37,18.64206989247312,31.3,9.7,1.7443548387096774,68.97311827956989,18.336833333333335,14.829543010752689,13.255053763440861
2004-11,20.819319444444446,14989.91,4.269798679109127,32.068599999999996,28.774499999999996,20.745555555555555,33.2,10.6,1.6465277777777778,72.70138888888889,18.358010752688173,18.336833333333335,14.829543010752689
2004-12,23.101720430107527,17187.68,4.113484407104994,33.72120000000001,30.915000000000003,22.908198924731185,35.0,15.6,2.1958333333333333,67.26478494623656,20.819319444444446,18.358010752688173,18.336833333333335
2005-01,26.134381720430106,19443.98,5.061535645397057,38.53310000000004,34.5135,25.494354838709675,39.0,14.5,1.883736559139785,65.31317204301075,23.101720430107527,20.819319444444446,18.358010752688173
2005-02,24.89578869047619,16729.97,3.922648057423129,34.28149999999999,31.978999999999996,24.380059523809525,34.0,17.5,1.9489583333333333,70.26785714285714,26.134381720430106,23.101720430107527,20.819319444444446
2005-03,23.946263440860214,17816.02,4.1809732155032835,35.73820000000001,32.388,23.631720430107528,37.3,16.1,1.777284946236559,70.54569892473118,24.89578869047619,26.134381720430106,23.101720430107527
2005-04,20.407625,14693.49,4.927446087942788,37.75459999999997,28.171499999999973,20.131944444444443,35.2,10.8,1.2573611111111112,79.35833333333333,23.946263440860214,24.89578869047619,26.134381720430106
2005-05,18.63454301075269,13864.1,3.723048369053115,28.63310000000004,24.5685,18.568951612903223,30.8,8.8,0.9615591397849462,81.83333333333333,20.407625,23.946263440860214,24.89578869047619
2005-06,18.22825,13124.34,4.781277928550248,29.034799999999997,27.212,18.19888888888889,28.9,6.6,0.9829166666666668,81.05,18.63454301075269,20.407625,23.946263440860214
2005-07,14.505067204301076,10791.77,5.946672797247485,29.566900000000008,25.619500000000002,14.98521505376344,31.7,2.3,1.3079301075268817,74.63172043010752,18.22825,18.63454301075269,20.407625
2005-08,16.442567204301074,12233.27,5.099174529643815,28.965700000000002,27.265000000000004,16.773521505376344,30.6,6.6,1.6,75.24596774193549,14.505067204301076,18.22825,18.63454301075269
2005-09,15.030624999999999,10822.05,4.340808686626757,26.559899999999956,22.7215,15.433194444444444,27.1,5.3,1.9423611111111112,76.30694444444444,16.442567204301074,14.505067204301076,18.22825
2005-10,18.881344086021503,14047.72,4.13171628782284,31.038400000000006,27.925000000000008,18.896639784946238,32.3,9.4,1.828763440860215,76.3252688172043,15.030624999999999,16.442567204301074,14.505067204301076
2005-11,21.988569444444444,15831.77,5.445525249098052,34.7267,31.54999999999999,22.03736111111111,36.6,8.7,1.8755555555555556,65.12083333333334,18.881344086021503,15.030624999999999,16.442567204301074
2005-12,22.886706989247312,17027.71,4.234056315529299,33.53980000000001,30.37,22.81088709677419,34.9,12.4,1.9954301075268817,64.65591397849462,21.988569444444444,18.881344086021503,15.030624999999999
2006-01,26.385497311827958,19630.81,5.13452757055658,40.851400000000005,37.195,25.32715053763441,38.1,17.8,1.585483870967742,72.34005376344086,22.886706989247312,21.988569444444444,18.881344086021503
2006-02,24.966488095238095,16777.48,3.9770061367916703,35.68689999999997,32.007999999999996,24.273065476190474,34.5,17.1,1.733482142857143,71.94494047619048,26.385497311827958,22.886706989247312,21.988569444444444
2006-03,24.218467741935484,18018.54,4.407949666235044,35.82130000000001,32.53000000000001,23.6497311827957,36.3,14.0,1.551478494623656,71.99193548387096,24.966488095238095,26.385497311827958,22.886706989247312
2006-04,20.276777777777777,14599.28,4.011024918435016,29.850999999999996,27.360999999999997,20.21263888888889,30.3,11.3,1.1577777777777778,73.70416666666667,24.218467741935484,24.966488095238095,26.385497311827958
2006-05,15.29396505376344,11378.71,3.6057634444898947,23.808500000000002,21.99,15.61021505376344,24.9,5.8,1.3388440860215054,79.15994623655914,20.276777777777777,24.218467741935484,24.966488095238095
2006-06,15.474,11141.28,4.5790502079226,28.3581,24.646999999999984,15.7525,30.6,6.5,1.2449999999999999,79.21111111111111,15.29396505376344,20.276777777777777,24.218467741935484
2006-07,16.951424731182797,12611.86,4.714492630906396,29.527000000000005,25.233500000000006,17.1372311827957,31.2,4.0,1.3135752688172042,77.99193548387096,15.474,15.29396505376344,20.276777777777777
2006-08,14.372029569892474,10692.79,5.852354121973177,28.64,24.019500000000004,14.86989247311828,32.2,2.8,1.3852150537634407,74.53225806451613,16.951424731182797,15.474,15.29396505376344
2006-09,15.512375,11168.91,4.938912877902147,28.329199999999982,23.671,15.92513888888889,32.0,3.9,1.7291666666666667,73.68055555555556,14.372029569892474,16.951424731182797,15.474
2006-10,20.33861559139785,15131.93,4.5281419531479905,31.648500000000006,29.0555,20.344489247311827,34.4,11.7,1.8923387096774196,71.55645161290323,15.512375,14.372029569892474,16.951424731182797
2006-11,20.75701388888889,14945.05,4.235207338007497,33.71719999999999,28.672,20.75958333333333,35.9,10.2,2.0843055555555554,71.12638888888888,20.33861559139785,15.512375,14.372029569892474
2006-12,25.76130376344086,19166.41,4.894837948305768,37.6257,35.2255,24.96962365591398,37.2,16.7,1.7568548387096774,68.7513440860215,20.75701388888889,20.33861559139785,15.512375
2007-01,25.87266129032258,19249.26,4.624241486765243,37.15840000000001,34.7625,24.987903225806452,35.7,15.4,1.689516129032258,70.1774193548387,25.76130376344086,20.75701388888889,20.33861559139785
2007-02,25.52672619047619,17153.96,4.29100619023307,35.9316,33.59549999999999,24.806696428571428,35.4,16.3,1.7497023809523808,70.77678571428571,25.87266129032258,25.76130376344086,20.75701388888889
2007-03,26.070309139784946,19396.31,4.6105584292439294,38.21,35.44,24.813440860215056,35.0,18.0,1.5939516129032258,78.53629032258064,25.52672619047619,25.87266129032258,25.76130376344086
2007-04,22.371000000000002,16107.12,4.61705688698283,32.3267,30.805499999999995,21.99736111111111,32.4,10.0,1.3695833333333334,75.83611111111111,26.070309139784946,25.52672619047619,25.87266129032258
2007-05,14.71595430107527,10948.67,5.43639382522481,28.51970000000001,23.379500000000004,15.10510752688172,29.4,3.3,1.3788978494623658,77.43951612903226,22.371000000000002,26.070309139784946,25.52672619047619
2007-06,13.87175,9987.66,4.846953704707442,27.292899999999992,22.27,14.27763888888889,29.4,4.2,1.2773611111111112,80.31388888888888,14.71595430107527,22.371000000000002,26.070309139784946
2007-07,11.52293010752688,8573.06,4.986365584209443,26.951400000000003,21.3855,12.190725806451612,28.4,1.5,1.5778225806451613,77.23655913978494,13.87175,14.71595430107527,22.371000000000002
2007-08,13.640618279569894,10148.62,5.186116199266067,28.86630000000003,23.929000000000002,14.128897849462366,32.0,4.2,1.9766129032258064,78.48521505376344,11.52293010752688,13.87175,14.71595430107527
2007-09,18.97833333333333,13664.4,4.891725578739181,32.34399999999998,29.417999999999992,19.00138888888889,32.8,9.7,1.6609722222222223,76.89027777777778,13.640618279569894,11.52293010752688,13.87175
2007-10,20.7427688172043,15432.62,3.7803818332495993,31.358200000000014,28.396000000000004,20.579435483870967,31.8,11.7,1.8560483870967743,76.0013440860215,18.97833333333333,13.640618279569894,11.52293010752688
2007-11,20.052375,14437.710000000001,4.778565935966676,31.17359999999997,27.881999999999998,20.176944444444445,34.1,10.1,1.7766666666666668,67.40972222222223,20.7427688172043,18.97833333333333,13.640618279569894
2007-12,24.26415322580645,18052.53,4.582812302026126,35.33,32.5685,23.828360215053763,34.8,13.7,1.751209677419355,68.63172043010752,20.052375,20.7427688172043,18.97833333333333
2008-01,24.784825268817205,18439.91,4.20387601980429,35.5814,32.83,24.280779569892474,37.1,15.7,1.9790322580645163,68.31720430107526,24.26415322580645,20.052375,20.7427688172043
2008-02,24.250215517241383,16878.15,3.8746639989248917,33.37649999999999,31.3075,23.707183908045977,33.7,14.7,1.7748563218390805,73.18103448275862,24.784825268817205,24.26415322580645,20.052375
2008-03,24.085940860215054,17919.94,3.9159149584106765,33.8071,31.48,23.60470430107527,33.6,16.5,1.6509408602150537,71.92204301075269,24.250215517241383,24.784825268817205,24.26415322580645
2008-04,19.666125,14159.61,4.453565821225916,30.188100000000002,27.3725,19.701527777777777,33.0,7.5,1.2329166666666667,74.5625,24.085940860215054,24.250215517241383,24.784825268817205
2008-05,16.54822580645161,12311.88,5.470999654985487,30.06,27.6245,16.773118279569893,30.8,3.7,1.3774193548387097,76.51209677419355,19.666125,24.085940860215054,24.250215517241383
2008-06,12.34361111111111,8887.4,3.9804278484730746,19.5443,17.970499999999998,12.841944444444445,21.7,2.4,1.2956944444444445,81.83333333333333,16.54822580645161,19.666125,24.085940860215054
2008-07,15.93252688172043,11853.8,3.761079075683324,26.7828,23.8685,16.168010752688172,27.6,6.9,1.2702956989247312,79.97715053763442,12.34361111111111,16.54822580645161,19.666125
2008-08,14.927258064516128,11105.88,4.443768332606725,25.968500000000002,22.379500000000007,15.3247311827957,28.2,4.3,1.5838709677419356,76.90725806451613,15.93252688172043,12.34361111111111,16.54822580645161
2008-09,15.300777777777776,11016.56,4.503417611879683,27.208199999999987,23.2315,15.750555555555556,31.1,7.3,1.9638888888888888,73.79166666666667,14.927258064516128,15.93252688172043,12.34361111111111
2008-10,18.962889784946235,14108.39,3.87505319495678,30.29370000000002,25.5355,19.0,32.8,7.6,1.827016129032258,76.13440860215054,15.300777777777776,14.927258064516128,15.93252688172043
2008-11,21.82813888888889,15716.26,4.208510766719014,32.08449999999998,30.084999999999994,21.672083333333333,32.5,12.9,2.0531944444444443,71.30416666666666,18.962889784946235,15.300777777777776,14.927258064516128
2008-12,23.143145161290324,17218.5,4.456038448503228,35.3357,31.837,22.844220430107526,35.7,13.2,1.9399193548387097,70.16935483870968,21.82813888888889,18.962889784946235,15.300777777777776
2009-01,23.716317204301074,17644.94,4.258341779316783,33.7128,31.584,23.198252688172044,33.1,14.7,1.878225806451613,73.50268817204301,23.143145161290324,21.82813888888889,18.962889784946235
2009-02,25.13485119047619,16890.62,4.084841409037586,34.73799999999999,33.0245,24.37842261904762,34.0,16.1,1.6555059523809523,72.45982142857143,23.716317204301074,23.143145161290324,21.82813888888889
2009-03,23.966008064516128,17830.71,3.695916382403992,33.452300000000015,31.0655,23.350806451612904,32.5,14.2,1.612768817204301,75.61155913978494,25.13485119047619,23.716317204301074,23.143145161290324
2009-04,20.75398611111111,14942.87,4.245225651752707,31.644899999999982,28.560999999999996,20.730277777777776,33.1,11.3,1.3020833333333333,71.42777777777778,23.966008064516128,25.13485119047619,23.716317204301074
2009-05,17.50329301075269,13022.45,4.514770559628518,27.797000000000004,25.987,17.660618279569892,29.4,7.4,1.1350806451612903,76.78763440860214,20.75398611111111,23.966008064516128,25.13485119047619
2009-06,12.698875000000001,9143.19,4.072629730160195,24.068599999999996,19.950999999999997,13.245972222222223,26.1,4.0,1.2194444444444446,79.16527777777777,17.50329301075269,20.75398611111111,23.966008064516128
2009-07,11.190927419354837,8326.05,4.616306789152514,22.089600000000015,18.5,11.878629032258065,25.1,0.4,1.303763440860215,76.49596774193549,12.698875000000001,17.50329301075269,20.75398611111111
2009-08,15.987419354838709,11894.64,5.453739335457226,30.139900000000004,27.407,16.379032258064516,33.1,5.0,1.437768817204301,75.03897849462365,11.190927419354837,12.698875000000001,17.50329301075269
2009-09,16.57345833333333,11932.89,3.8768843664046613,26.905299999999993,23.975499999999993,16.754444444444445,28.2,7.8,1.778611111111111,79.75,15.987419354838709,11.190927419354837,12.698875000000001
2009-10,18.51970430107527,13778.66,4.841552526620976,33.3071,28.1155,18.65766129032258,34.1,10.2,1.7143817204301075,73.12231182795699,16.57345833333333,15.987419354838709,11.190927419354837
2009-11,23.58125,16978.5,4.043740414988434,36.66389999999999,32.26,22.904444444444444,35.0,16.0,1.6344444444444444,79.4375,18.51970430107527,16.57345833333333,15.987419354838709
2009-12,24.29170698924731,18073.03,4.823780696170016,36.6871,33.755,23.51088709677419,34.2,13.3,1.748790322580645,74.61962365591398,23.58125,18.51970430107527,16.57345833333333
2010-01,25.885967741935485,19259.16,4.171026240227937,36.87520000000002,34.12,24.804166666666667,34.0,17.8,1.564516129032258,75.03225806451613,24.29170698924731,23.58125,18.51970430107527
2010-02,27.98519345238095,18806.05,6.032722095295205,42.78189999999999,39.70549999999999,26.278720238095236,38.2,14.0,1.5169642857142858,71.76190476190476,25.885967741935485,24.29170698924731,23.58125
2010-03,24.01065860215054,17863.93,3.298100227516881,32.072400000000016,30.0855,23.423924731182797,32.6,13.9,1.4809139784946237,76.93682795698925,27.98519345238095,25.885967741935485,24.29170698924731
2010-04,20.22629166666667,14562.93,4.706169093488786,32.68959999999999,29.345999999999993,20.13361111111111,33.0,9.5,1.1872222222222222,75.59861111111111,24.01065860215054,27.98519345238095,25.885967741935485
2010-05,17.1272311827957,12742.66,2.967967863461769,24.402800000000003,22.437,17.181451612903224,25.3,10.2,1.4801075268817205,83.17876344086021,20.22629166666667,24.01065860215054,27.98519345238095
2010-06,14.593930555555554,10507.63,3.9263162931120834,24.861499999999992,20.985499999999995,14.950416666666666,26.9,4.5,1.176111111111111,80.07638888888889,17.1272311827957,20.22629166666667,24.01065860215054
2010-07,14.03008064516129,10438.38,5.3515778726465575,27.175700000000003,23.9185,14.475940860215054,29.8,3.5,1.3440860215053763,78.02150537634408,14.593930555555554,17.1272311827957,20.22629166666667
2010-08,13.946841397849463,10376.45,5.283239717021821,28.4614,23.2055,14.446639784946235,32.6,3.0,1.3370967741935482,76.67204301075269,14.03008064516129,14.593930555555554,17.1272311827957
2010-09,17.040263888888887,12268.99,3.099140050731626,24.63199999999999,22.1605,17.21472222222222,26.6,9.6,1.7965277777777777,78.39027777777778,13.946841397849463,14.03008064516129,14.593930555555554
2010-10,17.79584677419355,13240.11,3.78165762726723,26.40740000000004,24.579000000000004,18.029032258064518,27.5,8.7,1.5283602150537634,72.88844086021506,17.040263888888887,13.946841397849463,14.03008064516129
2010-11,20.626375,14850.99,4.491959195199257,32.0372,28.1025,20.706805555555555,34.9,11.0,1.6904166666666665,68.97083333333333,17.79584677419355,17.040263888888887,13.946841397849463
2010-12,23.794516129032257,17703.12,4.604983231199852,33.8414,31.557,23.300940860215057,35.0,11.9,1.9096774193548387,71.04569892473118,20.626375,17.79584677419355,17.040263888888887
2011-01,27.004193548387097,20091.12,4.331689066606287,38.34700000000001,35.908,25.59744623655914,36.0,20.6,1.630779569892473,76.6491935483871,23.794516129032257,20.626375,17.79584677419355
2011-02,25.688809523809525,17262.88,3.832155939803762,37.9458,32.94749999999999,24.592559523809523,35.6,18.1,1.5686011904761903,78.05505952380952,27.004193548387097,23.794516129032257,20.626375
2011-03,23.21755376344086,17273.86,3.8796895554804065,33.5555,31.189000000000004,22.77728494623656,32.7,14.2,1.7294354838709678,74.04838709677419,25.688809523809525,27.004193548387097,23.794516129032257
2011-04,20.441902777777777,14718.17,3.7929480156975046,30.24349999999998,27.331999999999997,20.247222222222224,30.0,11.3,1.0033333333333334,78.7875,23.21755376344086,25.688809523809525,27.004193548387097
2011-05,16.302674731182798,12129.19,3.391817240881103,25.18830000000001,22.003500000000003,16.486021505376346,27.3,9.5,1.0643817204301076,80.76478494623656,20.441902777777777,23.21755376344086,25.688809523809525
2011-06,13.19323611111111,9499.13,4.3386453344075315,22.959099999999996,20.532,13.685555555555556,25.7,4.4,1.1929166666666666,79.70972222222223,16.302674731182798,20.441902777777777,23.21755376344086
2011-07,12.543306451612903,9332.22,5.105956733763485,25.60260000000001,20.807,12.952016129032257,28.0,2.0,1.3038978494623656,82.7258064516129,13.19323611111111,16.302674731182798,20.441902777777777
2011-08,14.006868279569893,10421.11,4.9919946685990055,28.909800000000004,22.133000000000003,14.43736559139785,32.2,2.5,1.8190860215053766,79.2002688172043,12.543306451612903,13.19323611111111,16.302674731182798
2011-09,15.9545,11487.24,4.916956132384,29.944499999999977,24.3405,16.326666666666668,33.4,5.3,1.4927777777777778,74.67777777777778,14.006868279569893,12.543306451612903,13.19323611111111
2011-10,19.42954301075269,14455.58,3.7686298913405265,29.686000000000043,25.839500000000005,19.504301075268817,33.5,10.2,1.6352150537634407,73.43010752688173,15.9545,14.006868279569893,12.543306451612903
2011-11,21.536208333333335,15506.07,4.668268099597735,34.0681,30.1925,21.49888888888889,34.3,12.1,1.8483333333333332,67.84166666666667,19.42954301075269,15.9545,14.006868279569893
2011-12,22.722110215053764,16905.25,4.301928389617557,33.846800000000016,31.0285,22.528091397849465,35.4,14.9,1.7405913978494623,68.90994623655914,21.536208333333335,19.42954301075269,15.9545
2012-01,24.99650537634409,18597.4,4.729036521879891,37.10540000000001,33.9495,24.289247311827957,35.5,17.4,1.7530913978494622,71.51478494623656,22.722110215053764,21.536208333333335,19.42954301075269
2012-02,27.55373563218391,19177.4,4.984807174980361,39.26199999999998,37.144999999999996,26.22298850574713,38.4,18.1,1.389080459770115,71.86494252873563,24.99650537634409,22.722110215053764,21.536208333333335
2012-03,23.645994623655913,17592.62,5.374963177310217,36.6157,34.65350000000001,23.15215053763441,36.1,10.2,1.2643817204301075,70.75268817204301,27.55373563218391,24.99650537634409,22.722110215053764
2012-04,19.62251388888889,14128.21,4.729342041683353,29.678599999999996,27.90099999999999,19.628888888888888,32.9,8.7,1.1925000000000001,74.95138888888889,23.645994623655913,27.55373563218391,24.99650537634409
2012-05,18.490752688172044,13757.12,4.576490450464857,28.161200000000008,26.024,18.54220430107527,29.6,7.5,0.9870967741935484,76.81854838709677,19.62251388888889,23.645994623655913,27.55373563218391
2012-06,14.270458333333332,10274.73,5.740108302316488,28.442399999999996,24.65249999999998,14.65111111111111,29.3,1.1,0.9216666666666667,77.75694444444444,18.490752688172044,19.62251388888889,23.645994623655913
2012-07,12.547889784946236,9335.63,5.246953020430368,28.35550000000001,22.770500000000002,13.161424731182796,30.2,3.1,1.2404569892473118,77.11693548387096,14.270458333333332,18.490752688172044,19.62251388888889
2012-08,18.773091397849463,13967.18,5.4985197432709025,30.259900000000002,28.507,18.946236559139784,32.7,7.3,1.1780913978494623,72.61559139784946,12.547889784946236,14.270458333333332,18.490752688172044
2012-09,17.61265277777778,12681.11,4.389210572314183,28.46769999999999,25.265999999999995,17.815555555555555,31.4,7.5,1.8086111111111112,74.52638888888889,18.773091397849463,12.547889784946236,14.270458333333332
2012-10,21.057768817204302,15666.98,4.15111207857344,32.58,29.1455,20.837096774193547,33.0,12.8,1.7114247311827957,75.54569892473118,17.61265277777778,18.773091397849463,12.547889784946236
2012-11,23.08286111111111,16619.66,4.5679645062473195,34.25739999999997,30.967499999999994,22.87722222222222,34.4,13.7,1.7294444444444446,68.2375,21.057768817204302,17.61265277777778,18.773091397849463
2012-12,26.108655913978495,19424.84,5.631095179012055,41.85740000000004,36.4795,25.171639784946237,38.6,16.0,1.6959677419354837,69.52016129032258,23.08286111111111,21.057768817204302,17.61265277777778
2013-01,24.299879032258065,18079.11,4.321185422746431,34.40120000000001,31.724,23.84193548387097,35.9,14.5,1.7544354838709677,68.30645161290323,26.108655913978495,23.08286111111111,21.057768817204302
2013-02,25.25046130952381,16968.31,4.333875326511337,36.164599999999936,33.37,24.401934523809523,37.4,14.9,1.7205357142857143,72.82440476190476,24.299879032258065,26.108655913978495,23.08286111111111
2013-03,21.719139784946236,16159.039999999999,3.5431567027922353,31.3671,28.6225,21.462365591397848,32.8,14.9,1.4721774193548387,76.15053763440861,25.25046130952381,24.299879032258065,26.108655913978495
2013-04,20.488430555555556,14751.67,4.247373978288628,30.769099999999995,27.813999999999997,20.39402777777778,31.1,10.2,1.382638888888889,74.05833333333334,21.719139784946236,25.25046130952381,24.299879032258065
2013-05,16.35899193548387,12171.09,4.661085650365432,28.935800000000047,23.777,16.571102150537634,30.3,5.7,1.0916666666666668,78.58198924731182,20.488430555555556,21.719139784946236,25.25046130952381
2013-06,14.253194444444443,10262.3,3.0352947108329125,22.284499999999976,19.33,14.53625,23.9,7.2,1.0794444444444444,84.55555555555556,16.35899193548387,20.488430555555556,21.719139784946236
2013-07,13.132486559139785,9770.57,5.62990879872123,25.602700000000006,22.6355,13.62768817204301,27.8,1.6,1.0598118279569892,78.78225806451613,14.253194444444443,16.35899193548387,20.488430555555556
2013-08,13.190309139784947,9813.59,5.247773408359812,27.234100000000005,23.8155,13.676747311827956,29.8,5.5,1.482258064516129,79.91532258064517,13.132486559139785,14.253194444444443,16.35899193548387
2013-09,17.286208333333335,12446.07,5.4563472052655175,33.60719999999999,28.624999999999996,17.475694444444443,34.5,6.4,1.453611111111111,76.97222222222223,13.190309139784947,13.132486559139785,14.253194444444443
2013-10,19.03127688172043,14159.27,3.8044576968838397,28.27260000000001,25.4655,19.10537634408602,31.9,11.4,1.643279569892473,75.03629032258064,17.286208333333335,13.190309139784947,13.132486559139785
2013-11,22.508805555555554,16206.34,4.442751213919918,33.32719999999999,30.9105,22.265694444444442,32.7,12.2,1.7811111111111113,69.92916666666666,19.03127688172043,17.286208333333335,13.190309139784947
2013-12,25.533629032258066,18997.02,5.326352348716916,40.05120000000001,36.03400000000002,24.661021505376343,38.6,15.8,1.7709677419354837,70.23655913978494,22.508805555555554,19.03127688172043,17.286208333333335
2014-01,27.953763440860214,20797.6,5.770642887082539,41.9414,38.854,26.489247311827956,37.5,17.6,1.4291666666666667,70.06048387096774,25.533629032258066,22.508805555555554,19.03127688172043
2014-02,28.06729166666667,18861.22,6.511618696524835,43.595099999999995,40.995999999999995,26.279613095238098,40.2,17.7,1.6058035714285712,71.79315476190476,27.953763440860214,25.533629032258066,22.508805555555554
2014-03,23.580430107526883,17543.84,3.844631933014844,33.33070000000002,30.24,23.014247311827955,32.9,12.0,1.396774193548387,76.53897849462365,28.06729166666667,27.953763440860214,25.533629032258066
2014-04,21.301027777777776,15336.74,4.540785598528117,32.2586,29.450999999999997,21.028888888888886,31.4,11.1,1.3579166666666667,76.1361111111111,23.580430107526883,28.06729166666667,27.953763440860214
2014-05,16.665120967741935,12398.85,3.9524368327281953,25.07,23.14,16.78548387096774,26.3,7.4,0.9967741935483871,82.13306451612904,21.301027777777776,23.580430107526883,28.06729166666667
2014-06,15.052708333333335,10837.95,4.247897069312565,24.392099999999978,21.379999999999992,15.23625,29.0,4.8,1.1523611111111112,85.66111111111111,16.665120967741935,21.301027777777776,23.580430107526883
2014-07,15.185645161290324,11298.12,4.738516541907475,25.87970000000001,23.302500000000002,15.445698924731182,27.9,5.6,1.1530913978494624,81.66397849462365,15.052708333333335,16.665120967741935,21.301027777777776
2014-08,15.55486559139785,11572.82,5.587788476907807,31.278200000000012,25.875000000000004,15.893548387096773,33.9,3.7,1.147043010752688,76.98252688172043,15.185645161290324,15.052708333333335,16.665120967741935
2014-09,18.495722222222224,13316.92,4.056743287167133,31.052599999999977,26.678499999999993,18.479444444444447,33.6,10.8,1.4165277777777778,80.05,15.55486559139785,15.185645161290324,15.052708333333335
2014-10,21.17649193548387,15755.31,4.521188004757474,36.20500000000003,29.897,20.91948924731183,36.6,13.5,1.4318548387096774,76.2741935483871,18.495722222222224,15.55486559139785,15.185645161290324
2014-11,23.319069444444445,16789.73,4.42722612046589,34.792899999999996,31.4615,22.900416666666665,34.4,13.7,1.337361111111111,72.52222222222223,21.17649193548387,18.495722222222224,15.55486559139785
2014-12,25.116747311827957,18686.86,4.61799419972138,37.67550000000001,33.8695,24.242473118279573,37.3,14.5,1.44502688172043,74.39650537634408,23.319069444444445,21.17649193548387,18.495722222222224
2015-01,26.84173387096774,19970.25,4.845679023584304,39.8471,36.581500000000005,25.451344086021503,36.0,17.9,1.3905913978494622,75.45295698924731,25.116747311827957,23.319069444444445,21.17649193548387
2015-02,25.719107142857144,17283.24,3.8739169178708344,36.90959999999999,33.195499999999974,24.657589285714288,34.3,18.2,1.4733630952380952,77.73065476190476,26.84173387096774,25.116747311827957,23.319069444444445
2015-03,24.605873655913978,18306.77,4.193281852516986,36.269800000000004,32.26,23.838037634408604,34.2,15.8,1.498252688172043,75.2741935483871,25.719107142857144,26.84173387096774,25.116747311827957
2015-04,21.267500000000002,15312.6,3.7624922384276225,31.208599999999997,28.732499999999998,21.052222222222223,32.0,13.4,1.1954166666666668,76.89722222222223,24.605873655913978,25.719107142857144,26.84173387096774
2015-05,18.35430107526882,13655.6,4.125035672028007,29.389600000000016,25.5055,18.313844086021504,29.6,9.0,1.1814516129032258,81.48790322580645,21.267500000000002,24.605873655913978,25.719107142857144
2015-06,15.222972222222223,10960.54,5.125537637859401,27.65009999999999,23.835499999999993,15.4575,28.4,5.8,0.9620833333333334,82.29722222222222,18.35430107526882,21.267500000000002,24.605873655913978
2015-07,15.471263440860216,11510.62,3.600325806321279,27.515700000000002,21.893500000000003,15.573924731182796,28.9,7.0,1.0635752688172042,87.42876344086021,15.222972222222223,18.35430107526882,21.267500000000002
2015-08,20.3505376344086,15140.8,4.845987862620502,32.09370000000002,29.5025,20.317069892473118,34.6,9.9,1.3416666666666668,74.26612903225806,15.471263440860216,15.222972222222223,18.35430107526882
2015-09,16.983458333333335,12228.09,3.6227148259781092,25.726699999999994,21.9915,17.14,29.3,6.3,1.4241666666666668,79.48055555555555,20.3505376344086,15.471263440860216,15.222972222222223
2015-10,18.629475806451612,13860.33,4.06681165779523,30.349600000000013,25.615000000000002,18.52244623655914,30.7,7.5,1.574462365591398,82.67204301075269,16.983458333333335,20.3505376344086,15.471263440860216
2015-11,21.023083333333336,15136.62,3.7097157996705667,32.02909999999999,28.092,20.747500000000002,31.0,13.9,1.88125,78.77638888888889,18.629475806451612,16.983458333333335,20.3505376344086
2015-12,24.60048387096774,18302.76,4.5647594205726945,37.599400000000024,33.88,23.61774193548387,35.0,13.2,1.4646505376344086,79.55376344086021,21.023083333333336,18.629475806451612,16.983458333333335
2016-01,26.797553763440863,19937.38,4.64965970011246,38.63900000000003,35.5225,25.68198924731183,38.4,18.4,1.675537634408602,72.71774193548387,24.60048387096774,21.023083333333336,18.629475806451612
2016-02,27.888290229885058,19410.25,4.719122962258096,41.233,36.8025,26.197988505747126,35.3,17.5,1.4219827586206897,74.54885057471265,26.797553763440863,24.60048387096774,21.023083333333336
2016-03,23.30158602150538,17336.38,3.5629670912405684,35.62500000000003,29.897,22.677150537634407,34.4,17.2,1.730241935483871,80.51075268817205,27.888290229885058,26.797553763440863,24.60048387096774
2016-04,23.296152777777777,16773.23,7.015398129007095,39.190999999999995,35.824999999999996,22.28013888888889,35.6,7.1,1.5066666666666666,82.77222222222223,23.30158602150538,27.888290229885058,26.797553763440863
2016-05,14.905067204301076,11089.37,3.4999434713065827,22.908400000000007,20.27,15.092876344086022,24.2,7.2,1.1795698924731184,86.06451612903226,23.296152777777777,23.30158602150538,27.888290229885058
2016-06,11.039,7948.08,3.3677825789834763,18.9062,16.565999999999992,11.651944444444444,21.8,4.6,1.111388888888889,82.97361111111111,14.905067204301076,23.296152777777777,23.30158602150538
2016-07,13.902983870967741,10343.82,5.1027000447519235,28.254100000000005,24.047,14.269354838709678,29.0,5.3,1.407258064516129,82.13575268817205,11.039,14.905067204301076,23.296152777777777
2016-08,16.035712365591397,11930.57,4.98016707498988,31.77830000000001,24.668500000000005,16.246505376344086,32.3,6.6,1.1705645161290321,80.10483870967742,13.902983870967741,11.039,14.905067204301076
2016-09,16.023625,11537.01,3.9912493710707073,27.662399999999998,23.762,16.277916666666666,31.2,8.8,1.6715277777777777,78.4,16.035712365591397,13.902983870967741,11.039
2016-10,19.317137096774193,14371.95,4.127021777387554,30.306800000000013,27.0685,19.24032258064516,32.3,9.5,1.860483870967742,78.58333333333333,16.023625,16.035712365591397,13.902983870967741
2016-11,21.07825,15176.34,5.135144012238174,34.51249999999999,30.19,20.900277777777777,34.7,9.9,1.5283333333333335,73.04444444444445,19.317137096774193,16.023625,16.035712365591397
2016-12,25.35342741935484,18862.95,5.240309053598672,39.4928,34.940000000000005,24.416129032258063,37.9,14.7,1.568010752688172,72.71908602150538,21.07825,19.317137096774193,16.023625
2017-01,26.98467741935484,20076.6,4.782680581345278,39.17970000000001,35.6965,25.373790322580643,34.3,17.5,1.562768817204301,77.68951612903226,25.35342741935484,21.07825,19.317137096774193
2017-02,28.111860119047616,18891.17,4.982920751664021,41.253499999999995,37.50699999999999,26.209226190476187,36.1,18.0,1.2727678571428571,77.29017857142857,26.98467741935484,25.35342741935484,21.07825
2017-03,24.207674731182795,18010.51,4.817582350126343,38.76110000000001,33.815,23.320430107526885,34.8,13.7,1.543010752688172,78.27956989247312,28.111860119047616,26.98467741935484,25.35342741935484
2017-04,20.588083333333334,14823.42,4.555050377655146,30.676699999999997,27.953999999999997,20.347638888888888,31.5,8.6,1.4475,78.93194444444444,24.207674731182795,28.111860119047616,26.98467741935484
2017-05,18.617352150537634,13851.31,3.2555631822408273,27.46690000000001,24.7005,18.4375,27.9,10.0,1.2778225806451613,86.78225806451613,20.588083333333334,24.207674731182795,28.111860119047616
2017-06,16.0125,11529.0,4.419296682852482,27.3081,24.880999999999997,16.13013888888889,28.2,5.6,1.1104166666666666,84.53888888888889,18.617352150537634,20.588083333333334,24.207674731182795
2017-07,16.453978494623655,12241.76,5.776598171787496,27.627100000000002,26.017,16.73494623655914,30.1,5.6,1.0255376344086022,75.8763440860215,16.0125,18.617352150537634,20.588083333333334
2017-08,17.412217741935486,12954.69,5.018282140362078,32.31850000000001,26.977,17.48467741935484,33.8,7.1,1.313037634408602,80.05779569892474,16.453978494623655,16.0125,18.617352150537634
2017-09,20.608486111111112,14838.11,4.477932796253458,34.11439999999998,30.185499999999994,20.30763888888889,34.6,14.2,1.3965277777777778,81.49166666666666,17.412217741935486,16.453978494623655,16.0125
2017-10,20.13981182795699,14984.02,3.7029489855125055,30.035700000000002,27.305000000000003,20.00779569892473,30.7,11.6,1.6748655913978494,78.21639784946237,20.608486111111112,17.412217741935486,16.453978494623655
2017-11,20.79351388888889,14971.33,4.0288206168913945,31.392299999999956,28.132499999999997,20.720833333333335,35.1,11.9,1.8936111111111111,73.8861111111111,20.13981182795699,20.608486111111112,17.412217741935486
2017-12,24.83489247311828,18477.16,4.873611586309454,37.1514,34.2385,23.927419354838708,35.5,15.4,1.9559139784946238,76.40860215053763,20.79351388888889,20.13981182795699,20.608486111111112
2018-01,25.56481182795699,19020.22,3.999841816127939,36.23650000000002,33.1325,24.553629032258065,35.5,16.5,1.8501344086021505,77.27553763440861,24.83489247311828,20.79351388888889,20.13981182795699
2018-02,24.549866071428568,16497.51,4.059445368932546,34.18089999999999,31.81099999999999,23.777380952380952,35.4,14.3,1.7425595238095237,77.16220238095238,25.56481182795699,24.83489247311828,20.79351388888889
2018-03,23.77961021505376,17692.03,4.598585566812093,36.922500000000014,32.82,22.989381720430107,35.8,14.5,1.4543010752688172,79.93951612903226,24.549866071428568,25.56481182795699,24.83489247311828
2018-04,23.905013888888888,17211.61,3.9661181155661334,34.404799999999994,31.700999999999997,23.139305555555556,33.1,16.1,1.3229166666666667,81.21527777777777,23.77961021505376,24.549866071428568,25.56481182795699
2018-05,18.078172043010753,13450.16,4.909063432806669,27.838400000000007,25.4055,18.050537634408602,28.6,5.3,1.4053763440860214,82.30913978494624,23.905013888888888,23.77961021505376,24.549866071428568
2018-06,12.938958333333332,9316.05,4.802066708347419,26.696599999999954,21.520999999999997,13.272222222222222,28.3,2.7,1.363611111111111,86.17361111111111,18.078172043010753,23.905013888888888,23.77961021505376
2018-07,14.327674731182796,10659.79,4.32225597799111,28.2257,22.915000000000006,14.51760752688172,29.7,5.6,1.5474462365591397,87.67338709677419,12.938958333333332,18.078172043010753,23.905013888888888
2018-08,13.704381720430106,10196.06,4.534086441553247,24.851300000000005,22.4185,14.081317204301076,28.8,3.8,1.6654569892473117,82.36155913978494,14.327674731182796,12.938958333333332,18.078172043010753
2018-09,19.30386111111111,13898.78,3.958534707709839,32.6186,25.9605,19.105277777777776,32.7,9.9,1.8715277777777777,83.8,13.704381720430106,14.327674731182796,12.938958333333332
2018-10,20.188333333333336,15020.12,4.26331585630523,31.549600000000016,28.438500000000005,20.03266129032258,32.3,9.4,1.9076612903225807,77.68682795698925,19.30386111111111,13.704381720430106,14.327674731182796
2018-11,23.064097222222223,16606.15,4.750177013493221,35.998599999999996,32.463499999999996,22.580277777777777,34.3,12.8,1.852222222222222,74.60972222222222,20.188333333333336,19.30386111111111,13.704381720430106
2018-12,25.045954301075266,18634.19,5.773376534718391,41.27630000000003,35.62200000000001,24.085887096774197,37.4,12.1,1.8233870967741934,73.32795698924731,23.064097222222223,20.188333333333336,19.30386111111111
2019-01,28.940174731182797,21531.49,5.903170861018748,43.87530000000002,40.21,26.65766129032258,38.0,19.2,1.7969086021505378,77.85349462365592,25.045954301075266,23.064097222222223,20.188333333333336
2019-02,25.642261904761902,17231.6,4.953496433620486,39.01179999999999,35.5235,24.57916666666667,36.6,16.9,1.646577380952381,76.44196428571429,28.940174731182797,25.045954301075266,23.064097222222223
2019-03,23.716236559139787,17644.88,4.449454737318078,36.371300000000005,32.08,22.99260752688172,35.4,13.3,1.5935483870967742,78.65456989247312,25.642261904761902,28.940174731182797,25.045954301075266
2019-04,22.46397222222222,16174.06,3.891066484381296,35.3305,31.0,21.796944444444442,32.3,13.8,1.3718055555555557,85.51527777777778,23.716236559139787,25.642261904761902,28.940174731182797
2019-05,19.420833333333334,14449.1,3.3232336575352543,30.138100000000016,25.099000000000004,19.058198924731183,29.6,10.3,1.259274193548387,90.15456989247312,22.46397222222222,23.716236559139787,25.642261904761902
2019-06,18.511555555555557,13328.32,5.006920364926942,29.46719999999999,27.221999999999998,18.489583333333332,30.3,3.8,1.1716666666666666,79.15694444444445,19.420833333333334,22.46397222222222,23.716236559139787
2019-07,13.207365591397851,9826.28,5.222491327095435,26.028500000000005,22.416500000000003,13.649193548387096,27.5,2.3,1.2659946236559139,80.60618279569893,18.511555555555557,19.420833333333334,22.46397222222222
2019-08,15.129072580645163,11256.03,5.724482246046684,28.9057,26.0325,15.573118279569892,32.7,5.2,1.4108870967741935,74.54301075268818,13.207365591397851,18.511555555555557,19.420833333333334
2019-09,16.67663888888889,12007.18,5.194102473882748,32.98489999999998,26.8015,16.91375,36.0,7.1,1.4530555555555555,76.05833333333334,15.129072580645163,13.207365591397851,18.511555555555557
2019-10,20.828575268817204,15496.46,4.8526048685708725,36.63270000000001,30.253500000000003,20.594489247311827,37.9,12.6,1.644758064516129,78.75537634408602,16.67663888888889,15.129072580645163,13.207365591397851
2019-11,22.587958333333333,16263.33,4.3645686050440675,34.86249999999998,31.076499999999996,22.23777777777778,33.4,12.6,1.5825,73.56944444444444,20.828575268817204,16.67663888888889,15.129072580645163
2019-12,25.34006720430107,18853.01,5.6393381455246105,38.778400000000005,36.2585,24.92782258064516,38.7,13.1,1.7126344086021505,61.314516129032256,22.587958333333333,20.828575268817204,16.67663888888889
2020-01,26.23540322580645,19519.14,4.685813686488704,38.60090000000002,35.2255,25.32177419354839,37.7,14.9,1.7544354838709677,70.41397849462365,25.34006720430107,22.587958333333333,20.828575268817204
2020-02,25.602772988505745,17819.53,5.217104071168107,38.54949999999999,35.245,24.805890804597702,37.0,15.0,1.6360632183908046,68.09913793103448,26.23540322580645,25.34006720430107,22.587958333333333
2020-03,25.122607526881723,18691.22,4.440327934823325,37.53840000000001,33.2075,24.476747311827957,38.3,17.6,1.5423387096774193,71.14650537634408,25.602772988505745,26.23540322580645,25.34006720430107
2020-04,20.40888888888889,14694.4,4.0486783006400815,29.970499999999998,28.24099999999999,20.44263888888889,31.6,11.9,1.5476388888888888,70.94166666666666,25.122607526881723,25.602772988505745,26.23540322580645
2020-05,16.519462365591398,12290.48,4.340993365384534,28.009800000000006,24.1825,16.828360215053763,30.5,8.0,1.3096774193548386,74.98252688172043,20.40888888888889,25.122607526881723,25.602772988505745
2020-06,16.233513888888886,11688.13,5.321177833195496,29.02389999999999,25.7605,16.445694444444445,30.5,5.2,1.2852777777777777,79.76388888888889,16.519462365591398,20.40888888888889,25.122607526881723
2020-07,13.248817204301076,9857.12,5.876414220454775,28.847000000000005,26.71700000000002,13.729704301075268,30.3,2.7,1.3919354838709677,78.42876344086021,16.233513888888886,16.519462365591398,20.40888888888889
2020-08,15.73784946236559,11708.96,5.532179294925067,29.3514,25.847,16.09717741935484,30.7,4.0,1.2221774193548387,75.3763440860215,13.248817204301076,16.233513888888886,16.519462365591398
2020-09,16.75808333333333,12065.82,4.529344985910303,27.7186,24.884499999999996,16.866111111111113,29.0,5.7,1.7119444444444443,81.81388888888888,15.73784946236559,13.248817204301076,16.233513888888886
2020-10,19.391478494623655,14427.26,4.373091088822476,31.068100000000015,27.057,19.36747311827957,33.2,10.8,1.705510752688172,76.85349462365592,16.75808333333333,15.73784946236559,13.248817204301076
2020-11,21.975,15822.0,4.9238173675215196,35.519099999999995,31.01099999999999,21.700972222222223,37.2,11.6,1.7351388888888888,72.575,19.391478494623655,16.75808333333333,15.73784946236559
2020-12,24.524771505376343,18246.43,4.500441725165393,36.78480000000003,33.1055,23.893010752688173,37.4,15.8,1.7240591397849463,71.4758064516129,21.975,19.391478494623655,16.75808333333333
2021-01,26.062110215053764,19390.21,4.487934533329788,37.174500000000045,34.3555,25.08494623655914,37.2,17.0,1.6361559139784945,71.47849462365592,24.524771505376343,21.975,19.391478494623655
2021-02,25.30171130952381,17002.75,3.8731890786967016,34.86189999999999,32.05799999999999,24.560714285714283,33.8,17.8,1.5821428571428573,72.08482142857143,26.062110215053764,24.524771505376343,21.975
2021-03,24.44440860215054,18186.64,3.798549333461594,35.33690000000001,32.0135,23.69986559139785,33.8,16.7,1.3779569892473118,77.49193548387096,25.30171130952381,26.062110215053764,24.524771505376343
2021-04,21.958430555555555,15810.07,4.338018994779189,33.5605,29.540499999999998,21.77388888888889,34.5,11.5,1.4438888888888888,71.68472222222222,24.44440860215054,25.30171130952381,26.062110215053764
2021-05,15.121653225806451,11250.51,4.606837867415322,28.665400000000012,23.760500000000008,15.514112903225806,31.9,4.8,1.2583333333333333,76.38172043010752,21.958430555555555,24.44440860215054,25.30171130952381
2021-06,14.022222222222222,10096.0,4.237337225849439,28.298099999999945,20.7915,14.384722222222223,31.0,7.0,1.4193055555555556,81.87083333333334,15.121653225806451,21.958430555555555,24.44440860215054
2021-07,13.05034946236559,9709.46,5.459629238830324,26.671200000000006,22.2655,13.592876344086022,27.7,2.5,1.2463709677419355,77.19220430107526,14.022222222222222,15.121653225806451,21.958430555555555
2021-08,16.34529569892473,12160.9,5.046084090658316,31.153400000000033,26.615000000000016,16.537903225806453,34.4,4.0,1.3551075268817205,80.21370967741936,13.05034946236559,14.022222222222222,15.121653225806451
2021-09,18.176152777777776,13086.83,3.540024131675299,28.902399999999997,24.576999999999984,18.213472222222222,30.0,9.9,1.5922222222222224,79.40833333333333,16.34529569892473,13.05034946236559,14.022222222222222
2021-10,19.628709677419355,14603.76,4.632312917183557,31.315500000000007,29.0855,19.697580645161292,33.3,9.9,1.6575268817204303,71.90456989247312,18.176152777777776,16.34529569892473,13.05034946236559
2021-11,21.98876388888889,15831.91,4.474837018478852,33.430499999999995,30.196499999999997,21.896805555555556,35.8,12.8,1.6273611111111113,69.7611111111111,19.628709677419355,18.176152777777776,16.34529569892473
2021-12,23.65837365591398,17601.83,4.140951758941865,34.894200000000005,31.4725,23.25040322580645,34.6,15.5,1.8629032258064515,71.76612903225806,21.98876388888889,19.628709677419355,18.176152777777776
2022-01,27.881680107526883,20743.97,6.447189607543727,44.7642,40.808,26.203763440860214,39.7,17.6,1.6224462365591397,71.16666666666667,23.65837365591398,21.98876388888889,19.628709677419355
2022-02,26.123422619047616,17554.94,4.758481286603645,39.28149999999999,35.288,25.191666666666666,36.5,17.9,1.5013392857142858,71.05505952380952,27.881680107526883,23.65837365591398,21.98876388888889
2022-03,23.338561827956987,17363.89,4.952382050009289,38.30770000000003,33.4385,22.664247311827957,36.3,11.4,1.444220430107527,76.85887096774194,26.123422619047616,27.881680107526883,23.65837365591398
2022-04,19.94990277777778,14363.93,3.9761906646864182,31.10439999999993,25.932,19.797638888888887,33.8,10.7,1.2140277777777777,79.07083333333334,23.338561827956987,26.123422619047616,27.881680107526883
2022-05,15.46524193548387,11506.14,3.756422039158282,24.861000000000015,21.056500000000003,15.640860215053763,28.4,5.3,1.238978494623656,84.43010752688173,19.94990277777778,23.338561827956987,26.123422619047616
2022-06,12.663569444444445,9117.77,3.9587208226267987,21.392199999999967,19.1315,13.104305555555555,23.7,3.8,1.1091666666666666,83.76944444444445,15.46524193548387,19.94990277777778,23.338561827956987
2022-07,16.234543010752688,12078.5,4.701590298894517,27.87550000000001,24.5385,16.345026881720432,29.8,5.7,1.2103494623655915,83.83602150537635,12.663569444444445,15.46524193548387,19.94990277777778
2022-08,14.778494623655915,10995.2,4.832872898132124,28.15970000000001,24.0695,15.152284946236557,31.5,4.1,1.3661290322580646,78.73252688172043,16.234543010752688,12.663569444444445,15.46524193548387
2022-09,16.215291666666666,11675.01,4.182890799001329,27.288199999999986,23.384499999999996,16.522777777777776,28.0,6.6,1.5608333333333333,75.62361111111112,14.778494623655915,16.234543010752688,12.663569444444445
2022-10,18.989327956989246,14128.06,4.497441812703318,32.601200000000006,27.708000000000002,19.035618279569892,34.0,9.7,1.6760752688172043,75.54166666666667,16.215291666666666,14.778494623655915,16.234543010752688
2022-11,21.016583333333333,15131.94,4.817339450473126,30.6105,29.13,20.963194444444444,31.9,9.4,1.7140277777777777,70.7611111111111,18.989327956989246,16.215291666666666,14.778494623655915
2022-12,24.651249999999997,18340.53,4.6196432566787164,36.86650000000002,33.642,24.071908602150536,36.0,15.8,1.7193548387096775,69.80645161290323,21.016583333333333,18.989327956989246,16.215291666666666
2023-01,27.120094086021503,20177.35,4.664213590353544,39.16480000000003,36.0955,26.08306451612903,37.7,18.9,1.6345430107526882,69.60887096774194,24.651249999999997,21.016583333333333,18.989327956989246
2023-02,25.49702380952381,17134.0,4.981424339134957,37.33829999999999,34.678,24.725892857142856,38.1,12.4,1.4276785714285714,71.75892857142857,27.120094086021503,24.651249999999997,21.016583333333333
2023-03,26.676250000000003,19847.13,4.223981211834086,36.459900000000005,35.084,25.441263440860215,34.8,18.0,1.3956989247311828,75.83333333333333,25.49702380952381,27.120094086021503,24.651249999999997
2023-04,20.670625,14882.85,3.9881036619984718,32.36529999999999,27.790999999999997,20.60472222222222,32.6,10.5,1.3416666666666666,73.21666666666667,26.676250000000003,25.49702380952381,27.120094086021503
2023-05,18.368252688172042,13665.98,3.858699410680324,28.451300000000003,24.354000000000006,18.346370967741937,29.1,10.3,1.061962365591398,81.0510752688172,20.670625,26.676250000000003,25.49702380952381
2023-06,16.081972222222223,11579.02,4.931157616354986,27.712899999999994,24.987499999999994,16.293055555555554,28.6,5.5,1.1648611111111111,80.10555555555555,18.368252688172042,20.670625,26.676250000000003
2023-07,15.196384408602151,11306.11,4.546258215336025,27.81540000000001,23.2555,15.460887096774194,29.1,4.8,1.3079301075268817,81.56586021505376,16.081972222222223,18.368252688172042,20.670625
2023-08,16.376814516129034,12184.35,5.635805016462548,31.469000000000033,26.8055,16.696639784946235,32.3,4.1,1.2758064516129033,73.81451612903226,15.196384408602151,16.081972222222223,18.368252688172042
2023-09,18.412986111111113,13257.35,4.715322326750059,34.300299999999964,27.045499999999993,18.314861111111114,34.9,8.4,1.5773611111111112,83.19166666666666,16.376814516129034,15.196384408602151,16.081972222222223
2023-10,18.989274193548386,14128.02,3.976331084525172,29.804100000000005,25.4735,18.962500000000002,31.6,8.9,1.555510752688172,78.08198924731182,18.412986111111113,16.376814516129034,15.196384408602151
2023-11,21.648,15586.56,3.9648503471609726,32.02679999999998,28.89,21.3175,33.5,10.9,1.6591666666666665,78.21388888888889,18.989274193548386,18.412986111111113,16.376814516129034
2023-12,25.725564516129033,19139.82,5.638984994396593,41.525600000000004,37.5185,24.51532258064516,37.9,15.7,1.5561827956989247,74.65994623655914,21.648,18.989274193548386,18.412986111111113
2024-01,25.270954301075268,18801.59,4.526116530891163,38.84260000000001,33.945,24.261693548387097,35.9,18.1,1.6896505376344084,76.07123655913979,25.725564516129033,21.648,18.989274193548386
2024-02,27.63622126436782,19234.81,5.121914205165125,40.841999999999985,37.7225,25.92715517241379,36.7,19.2,1.5804597701149425,75.84626436781609,25.270954301075268,25.725564516129033,21.648
2024-03,25.621075268817208,19062.08,4.917063149194802,38.6599,35.1855,24.514516129032256,36.1,15.8,1.3150537634408601,75.5241935483871,27.63622126436782,25.270954301075268,25.725564516129033
2024-04,22.136555555555557,15938.32,3.4574021009409344,32.60199999999999,28.565499999999993,21.661666666666665,31.3,14.1,1.384861111111111,81.56527777777778,25.621075268817208,27.63622126436782,25.270954301075268
2024-05,16.708185483870967,12430.89,5.3576433433321835,33.18220000000002,27.333000000000002,16.68494623655914,32.5,7.1,1.3450268817204303,85.83736559139786,22.136555555555557,25.621075268817208,27.63622126436782
2024-06,17.28388888888889,12444.4,5.390825992677338,29.783399999999993,26.8025,17.371111111111112,31.5,4.6,1.2651388888888888,80.6361111111111,16.708185483870967,22.136555555555557,25.621075268817208
2024-07,13.313494623655913,9905.24,4.7404948481234985,26.816700000000015,21.778000000000002,13.736021505376344,28.9,3.4,1.1233870967741935,81.88709677419355,17.28388888888889,16.708185483870967,22.136555555555557
2024-08,15.274395161290322,11364.15,5.299870275441107,28.948500000000003,24.4525,15.59475806451613,31.1,4.5,1.3948924731182795,78.95698924731182,13.313494623655913,17.28388888888889,16.708185483870967
2024-09,18.789722222222224,13528.6,4.423471400079572,31.82389999999999,26.932999999999996,18.740277777777777,33.7,9.0,1.5347222222222223,80.14861111111111,15.274395161290322,13.313494623655913,17.28388888888889
2024-10,20.80506056527591,15458.16,4.291749430032159,33.12840000000002,28.937,20.629878869448184,33.6,10.6,1.6395693135935399,75.2907133243607,18.789722222222224,15.274395161290322,13.313494623655913
